date,branch,product_id,demand,price,promotion,seasonality
2022-01,Colombo,P0001,6990,74.31645161290322,1,Winter
2022-01,Colombo,P0002,7829,50.94451612903226,1,Winter
2022-01,Colombo,P0003,7920,69.8258064516129,1,Winter
2022-01,Colombo,P0004,5753,69.26951612903225,1,Winter
2022-01,Colombo,P0005,6538,72.455,1,Winter
2022-01,Colombo,P0006,7049,53.273387096774194,1,Winter
2022-01,Colombo,P0007,7119,26.199032258064516,1,Winter
2022-01,Colombo,P0008,6933,34.23741935483871,1,Winter
2022-01,Colombo,P0009,7790,78.26096774193549,1,Winter
2022-01,Colombo,P0010,6457,106.70354838709677,1,Winter
2022-01,Colombo,P0011,6738,127.15354838709678,1,Winter
2022-01,Colombo,P0012,6357,72.34693548387096,1,Winter
2022-01,Colombo,P0013,6907,26.806129032258063,1,Winter
2022-01,Colombo,P0014,7100,97.05725806451613,1,Winter
2022-01,Colombo,P0015,7098,42.84967741935483,1,Winter
2022-01,Colombo,P0016,7630,63.37467741935484,1,Winter
2022-01,Colombo,P0017,6159,20.813387096774196,1,Winter
2022-01,Colombo,P0018,7946,45.32645161290322,1,Winter
2022-01,Colombo,P0019,5969,95.73387096774194,1,Winter
2022-01,Colombo,P0020,5610,122.19967741935484,1,Winter
2022-01,Galle,P0001,3678,11.929677419354839,1,Winter
2022-01,Galle,P0002,3107,38.93064516129032,1,Winter
2022-01,Galle,P0003,3139,29.240967741935485,1,Winter
2022-01,Galle,P0004,3392,7.565806451612903,1,Winter
2022-01,Galle,P0005,3509,16.205483870967743,1,Winter
2022-01,Galle,P0006,3733,58.6283870967742,1,Winter
2022-01,Galle,P0007,3843,84.27258064516128,1,Winter
2022-01,Galle,P0008,3667,62.45516129032258,1,Winter
2022-01,Galle,P0009,3275,91.58064516129032,1,Winter
2022-01,Galle,P0010,4113,61.16161290322581,1,Winter
2022-01,Galle,P0011,2949,75.71322580645162,1,Winter
2022-01,Galle,P0012,2180,121.70935483870967,1,Winter
2022-01,Galle,P0013,3495,73.21129032258065,1,Winter
2022-01,Galle,P0014,2565,160.68193548387097,1,Winter
2022-01,Galle,P0015,3831,49.84935483870967,1,Winter
2022-01,Galle,P0016,3499,34.968709677419355,1,Winter
2022-01,Galle,P0017,3273,36.799354838709675,1,Winter
2022-01,Galle,P0018,3834,22.280967741935484,1,Winter
2022-01,Galle,P0019,2695,133.68290322580646,1,Winter
2022-01,Galle,P0020,3367,30.13193548387097,1,Winter
2022-01,Kandy,P0001,7251,13.76290322580645,1,Winter
2022-01,Kandy,P0002,7867,39.755322580645164,1,Winter
2022-01,Kandy,P0003,6763,114.43935483870968,1,Winter
2022-01,Kandy,P0004,6668,36.689677419354844,1,Winter
2022-01,Kandy,P0005,7001,47.90032258064517,1,Winter
2022-01,Kandy,P0006,6836,36.74177419354838,1,Winter
2022-01,Kandy,P0007,7757,22.393225806451614,1,Winter
2022-01,Kandy,P0008,6020,104.06274193548387,1,Winter
2022-01,Kandy,P0009,7182,82.24645161290321,1,Winter
2022-01,Kandy,P0010,7361,32.62112903225806,1,Winter
2022-01,Kandy,P0011,7459,91.7825806451613,1,Winter
2022-01,Kandy,P0012,5456,99.22661290322581,1,Winter
2022-01,Kandy,P0013,8042,47.51854838709678,1,Winter
2022-01,Kandy,P0014,6325,128.2459677419355,1,Winter
2022-01,Kandy,P0015,6277,95.0783870967742,1,Winter
2022-01,Kandy,P0016,6175,105.62209677419354,1,Winter
2022-01,Kandy,P0017,6510,109.19354838709677,1,Winter
2022-01,Kandy,P0018,5022,139.80048387096772,1,Winter
2022-01,Kandy,P0019,7773,58.74032258064516,1,Winter
2022-01,Kandy,P0020,6763,102.96354838709676,1,Winter
2022-02,Colombo,P0001,6408,75.18214285714285,1,Winter
2022-02,Colombo,P0002,7323,52.596964285714286,1,Winter
2022-02,Colombo,P0003,7508,70.7792857142857,1,Winter
2022-02,Colombo,P0004,5899,70.79107142857143,1,Winter
2022-02,Colombo,P0005,6707,74.42428571428572,1,Winter
2022-02,Colombo,P0006,6511,52.67017857142857,1,Winter
2022-02,Colombo,P0007,6099,25.49607142857143,1,Winter
2022-02,Colombo,P0008,6614,34.943392857142854,1,Winter
2022-02,Colombo,P0009,7473,79.10035714285713,1,Winter
2022-02,Colombo,P0010,5370,104.35464285714285,1,Winter
2022-02,Colombo,P0011,6518,129.82589285714286,1,Winter
2022-02,Colombo,P0012,6151,72.56607142857142,1,Winter
2022-02,Colombo,P0013,6683,27.610892857142858,1,Winter
2022-02,Colombo,P0014,6087,94.67964285714287,1,Winter
2022-02,Colombo,P0015,6256,41.77321428571429,1,Winter
2022-02,Colombo,P0016,7194,65.64732142857143,1,Winter
2022-02,Colombo,P0017,6165,21.101607142857144,1,Winter
2022-02,Colombo,P0018,6586,44.011964285714285,1,Winter
2022-02,Colombo,P0019,5788,98.10607142857143,1,Winter
2022-02,Colombo,P0020,4977,120.78589285714285,1,Winter
2022-02,Galle,P0001,3393,12.057500000000001,1,Winter
2022-02,Galle,P0002,3073,41.36821428571428,1,Winter
2022-02,Galle,P0003,2922,28.445357142857144,1,Winter
2022-02,Galle,P0004,3274,7.749642857142858,1,Winter
2022-02,Galle,P0005,3569,16.758214285714285,1,Winter
2022-02,Galle,P0006,3821,63.129642857142855,1,Winter
2022-02,Galle,P0007,3777,84.65428571428572,1,Winter
2022-02,Galle,P0008,3452,62.925714285714285,1,Winter
2022-02,Galle,P0009,3296,94.73678571428572,1,Winter
2022-02,Galle,P0010,3146,57.74,1,Winter
2022-02,Galle,P0011,3067,77.99535714285715,1,Winter
2022-02,Galle,P0012,2592,128.35142857142858,1,Winter
2022-02,Galle,P0013,3775,78.37964285714285,1,Winter
2022-02,Galle,P0014,2355,159.90642857142856,1,Winter
2022-02,Galle,P0015,3581,51.63,1,Winter
2022-02,Galle,P0016,3137,33.8975,1,Winter
2022-02,Galle,P0017,2724,34.96107142857143,1,Winter
2022-02,Galle,P0018,4226,23.764999999999997,1,Winter
2022-02,Galle,P0019,2266,131.44857142857143,1,Winter
2022-02,Galle,P0020,3045,29.649642857142855,1,Winter
2022-02,Kandy,P0001,6103,13.410357142857142,1,Winter
2022-02,Kandy,P0002,8142,41.097321428571426,1,Winter
2022-02,Kandy,P0003,5691,111.64125,1,Winter
2022-02,Kandy,P0004,6122,36.53785714285714,1,Winter
2022-02,Kandy,P0005,6496,48.07785714285715,1,Winter
2022-02,Kandy,P0006,6535,37.496428571428574,1,Winter
2022-02,Kandy,P0007,7001,22.704642857142858,1,Winter
2022-02,Kandy,P0008,5476,102.85553571428571,1,Winter
2022-02,Kandy,P0009,7311,89.15071428571427,1,Winter
2022-02,Kandy,P0010,6728,32.605357142857144,1,Winter
2022-02,Kandy,P0011,7631,97.10625,1,Winter
2022-02,Kandy,P0012,4949,100.48660714285714,1,Winter
2022-02,Kandy,P0013,7283,47.94410714285714,1,Winter
2022-02,Kandy,P0014,5802,128.3007142857143,1,Winter
2022-02,Kandy,P0015,5965,95.93178571428572,1,Winter
2022-02,Kandy,P0016,6010,106.71785714285714,1,Winter
2022-02,Kandy,P0017,5863,108.41214285714285,1,Winter
2022-02,Kandy,P0018,4891,144.07857142857145,1,Winter
2022-02,Kandy,P0019,7248,58.97160714285714,1,Winter
2022-02,Kandy,P0020,5828,102.25892857142857,1,Winter
2022-03,Colombo,P0001,7404,76.03935483870968,1,Spring
2022-03,Colombo,P0002,7700,50.02887096774194,1,Spring
2022-03,Colombo,P0003,8199,70.69645161290323,1,Spring
2022-03,Colombo,P0004,6968,72.1459677419355,1,Spring
2022-03,Colombo,P0005,6014,70.44419354838709,1,Spring
2022-03,Colombo,P0006,7753,54.12419354838709,1,Spring
2022-03,Colombo,P0007,7528,27.0458064516129,1,Spring
2022-03,Colombo,P0008,7283,35.335967741935484,1,Spring
2022-03,Colombo,P0009,7339,76.02629032258065,1,Spring
2022-03,Colombo,P0010,6832,109.17999999999999,1,Spring
2022-03,Colombo,P0011,6436,126.32209677419355,1,Spring
2022-03,Colombo,P0012,7005,74.43564516129032,1,Spring
2022-03,Colombo,P0013,8253,28.747096774193547,1,Spring
2022-03,Colombo,P0014,6964,95.79387096774194,1,Spring
2022-03,Colombo,P0015,7223,40.732741935483865,1,Spring
2022-03,Colombo,P0016,6943,61.928870967741936,1,Spring
2022-03,Colombo,P0017,8021,22.754193548387097,1,Spring
2022-03,Colombo,P0018,6960,44.11354838709677,1,Spring
2022-03,Colombo,P0019,5442,93.45096774193549,1,Spring
2022-03,Colombo,P0020,5215,119.9591935483871,1,Spring
2022-03,Galle,P0001,3457,11.838387096774193,1,Spring
2022-03,Galle,P0002,3574,40.976129032258065,1,Spring
2022-03,Galle,P0003,4219,32.47838709677419,1,Spring
2022-03,Galle,P0004,4313,8.216774193548387,1,Spring
2022-03,Galle,P0005,3703,16.00258064516129,1,Spring
2022-03,Galle,P0006,4313,61.84096774193548,1,Spring
2022-03,Galle,P0007,4123,85.68967741935484,1,Spring
2022-03,Galle,P0008,3264,60.85516129032258,1,Spring
2022-03,Galle,P0009,4032,98.43612903225807,1,Spring
2022-03,Galle,P0010,4179,62.64612903225807,1,Spring
2022-03,Galle,P0011,3215,77.29451612903226,1,Spring
2022-03,Galle,P0012,2610,125.62838709677419,1,Spring
2022-03,Galle,P0013,3755,73.97870967741936,1,Spring
2022-03,Galle,P0014,2493,158.95935483870966,1,Spring
2022-03,Galle,P0015,3781,49.641290322580645,1,Spring
2022-03,Galle,P0016,3891,35.22709677419355,1,Spring
2022-03,Galle,P0017,4064,39.20612903225807,1,Spring
2022-03,Galle,P0018,3699,22.153225806451612,1,Spring
2022-03,Galle,P0019,2389,131.35225806451612,1,Spring
2022-03,Galle,P0020,3913,31.865806451612904,1,Spring
2022-03,Kandy,P0001,8404,14.739516129032259,1,Spring
2022-03,Kandy,P0002,7764,38.39048387096774,1,Spring
2022-03,Kandy,P0003,6771,114.51677419354839,1,Spring
2022-03,Kandy,P0004,7931,39.137258064516125,1,Spring
2022-03,Kandy,P0005,6179,44.758709677419354,1,Spring
2022-03,Kandy,P0006,8737,40.645645161290325,1,Spring
2022-03,Kandy,P0007,7831,22.58274193548387,1,Spring
2022-03,Kandy,P0008,6131,105.31258064516129,1,Spring
2022-03,Kandy,P0009,7161,82.59225806451613,1,Spring
2022-03,Kandy,P0010,8317,33.642580645161296,1,Spring
2022-03,Kandy,P0011,6968,91.68741935483871,1,Spring
2022-03,Kandy,P0012,5506,101.24209677419356,1,Spring
2022-03,Kandy,P0013,7906,47.09274193548387,1,Spring
2022-03,Kandy,P0014,6441,129.9890322580645,1,Spring
2022-03,Kandy,P0015,6305,95.67096774193548,1,Spring
2022-03,Kandy,P0016,5833,105.34048387096773,1,Spring
2022-03,Kandy,P0017,5552,103.85096774193549,1,Spring
2022-03,Kandy,P0018,5498,145.81951612903225,1,Spring
2022-03,Kandy,P0019,7479,58.636935483870964,1,Spring
2022-03,Kandy,P0020,5990,98.48451612903226,1,Spring
2022-04,Colombo,P0001,6243,73.44466666666668,1,Spring
2022-04,Colombo,P0002,6944,50.21716666666667,1,Spring
2022-04,Colombo,P0003,7257,67.4545,1,Spring
2022-04,Colombo,P0004,6182,70.66916666666665,1,Spring
2022-04,Colombo,P0005,6131,71.9495,1,Spring
2022-04,Colombo,P0006,6531,52.150999999999996,1,Spring
2022-04,Colombo,P0007,6281,25.46483333333333,1,Spring
2022-04,Colombo,P0008,5977,32.3255,1,Spring
2022-04,Colombo,P0009,6444,72.93166666666666,1,Spring
2022-04,Colombo,P0010,6026,105.03150000000001,1,Spring
2022-04,Colombo,P0011,5746,122.6315,1,Spring
2022-04,Colombo,P0012,6151,70.955,1,Spring
2022-04,Colombo,P0013,6511,26.757,1,Spring
2022-04,Colombo,P0014,6085,91.71716666666666,1,Spring
2022-04,Colombo,P0015,6407,40.59116666666667,1,Spring
2022-04,Colombo,P0016,6008,59.787,1,Spring
2022-04,Colombo,P0017,6006,20.529,1,Spring
2022-04,Colombo,P0018,6208,42.79666666666667,1,Spring
2022-04,Colombo,P0019,4970,91.95949999999999,1,Spring
2022-04,Colombo,P0020,4372,117.38566666666667,1,Spring
2022-04,Galle,P0001,3283,11.615666666666668,1,Spring
2022-04,Galle,P0002,2947,39.167,1,Spring
2022-04,Galle,P0003,3123,28.985,1,Spring
2022-04,Galle,P0004,3328,7.531333333333333,1,Spring
2022-04,Galle,P0005,3238,15.56,1,Spring
2022-04,Galle,P0006,3323,57.50366666666666,1,Spring
2022-04,Galle,P0007,3405,79.45333333333333,1,Spring
2022-04,Galle,P0008,3923,63.41833333333333,1,Spring
2022-04,Galle,P0009,3277,93.40100000000001,1,Spring
2022-04,Galle,P0010,3362,58.440666666666665,1,Spring
2022-04,Galle,P0011,2672,73.35533333333333,1,Spring
2022-04,Galle,P0012,2297,121.464,1,Spring
2022-04,Galle,P0013,3243,72.74933333333334,1,Spring
2022-04,Galle,P0014,2456,152.67433333333332,1,Spring
2022-04,Galle,P0015,3422,48.96266666666667,1,Spring
2022-04,Galle,P0016,3044,32.449333333333335,1,Spring
2022-04,Galle,P0017,3052,35.425,1,Spring
2022-04,Galle,P0018,3275,21.098333333333336,1,Spring
2022-04,Galle,P0019,2321,129.908,1,Spring
2022-04,Galle,P0020,2919,28.559666666666665,1,Spring
2022-04,Kandy,P0001,6354,13.351,1,Spring
2022-04,Kandy,P0002,6800,37.467999999999996,1,Spring
2022-04,Kandy,P0003,5507,107.7215,1,Spring
2022-04,Kandy,P0004,6890,37.79866666666667,1,Spring
2022-04,Kandy,P0005,6439,45.25483333333333,1,Spring
2022-04,Kandy,P0006,6133,35.7045,1,Spring
2022-04,Kandy,P0007,6873,22.112833333333334,1,Spring
2022-04,Kandy,P0008,5811,102.872,1,Spring
2022-04,Kandy,P0009,6364,81.77616666666667,1,Spring
2022-04,Kandy,P0010,7032,32.42816666666667,1,Spring
2022-04,Kandy,P0011,6617,88.99483333333335,1,Spring
2022-04,Kandy,P0012,5238,100.34283333333333,1,Spring
2022-04,Kandy,P0013,6826,45.958666666666666,1,Spring
2022-04,Kandy,P0014,5455,121.22766666666666,1,Spring
2022-04,Kandy,P0015,5624,92.86616666666667,1,Spring
2022-04,Kandy,P0016,5072,100.34733333333334,1,Spring
2022-04,Kandy,P0017,5643,104.92,1,Spring
2022-04,Kandy,P0018,4273,137.09316666666666,1,Spring
2022-04,Kandy,P0019,6452,55.47616666666667,1,Spring
2022-04,Kandy,P0020,5283,95.80666666666666,1,Spring
2022-05,Colombo,P0001,4632,66.53854838709678,1,Spring
2022-05,Colombo,P0002,5598,47.06225806451613,1,Spring
2022-05,Colombo,P0003,6588,65.22274193548387,1,Spring
2022-05,Colombo,P0004,4677,63.20451612903226,1,Spring
2022-05,Colombo,P0005,4903,66.32387096774194,1,Spring
2022-05,Colombo,P0006,4275,46.193548387096776,1,Spring
2022-05,Colombo,P0007,4352,22.688387096774196,1,Spring
2022-05,Colombo,P0008,4804,30.767096774193547,1,Spring
2022-05,Colombo,P0009,6480,73.68693548387097,1,Spring
2022-05,Colombo,P0010,4018,93.33596774193548,1,Spring
2022-05,Colombo,P0011,4020,111.05870967741936,1,Spring
2022-05,Colombo,P0012,4669,65.45983870967743,1,Spring
2022-05,Colombo,P0013,4193,23.203064516129032,1,Spring
2022-05,Colombo,P0014,5040,86.1182258064516,1,Spring
2022-05,Colombo,P0015,4554,38.73758064516129,1,Spring
2022-05,Colombo,P0016,6031,59.25693548387097,1,Spring
2022-05,Colombo,P0017,3150,17.269516129032258,1,Spring
2022-05,Colombo,P0018,5909,40.29129032258064,1,Spring
2022-05,Colombo,P0019,4709,88.92629032258066,1,Spring
2022-05,Colombo,P0020,3203,106.81725806451612,1,Spring
2022-05,Galle,P0001,2904,10.92741935483871,1,Spring
2022-05,Galle,P0002,1884,34.33774193548387,1,Spring
2022-05,Galle,P0003,1704,25.013870967741934,1,Spring
2022-05,Galle,P0004,2889,7.134838709677419,1,Spring
2022-05,Galle,P0005,2689,15.00258064516129,1,Spring
2022-05,Galle,P0006,2570,52.68064516129032,1,Spring
2022-05,Galle,P0007,2444,73.13612903225807,1,Spring
2022-05,Galle,P0008,3006,58.43387096774194,1,Spring
2022-05,Galle,P0009,2641,84.23677419354838,1,Spring
2022-05,Galle,P0010,2753,54.52967741935484,1,Spring
2022-05,Galle,P0011,1978,67.20225806451613,1,Spring
2022-05,Galle,P0012,1406,107.92258064516129,1,Spring
2022-05,Galle,P0013,2516,66.4916129032258,1,Spring
2022-05,Galle,P0014,1514,143.42870967741936,1,Spring
2022-05,Galle,P0015,2677,44.47193548387097,1,Spring
2022-05,Galle,P0016,1663,28.531935483870967,1,Spring
2022-05,Galle,P0017,1540,29.883225806451613,1,Spring
2022-05,Galle,P0018,3831,22.38290322580645,1,Spring
2022-05,Galle,P0019,1408,116.48516129032258,1,Spring
2022-05,Galle,P0020,1874,25.261290322580646,1,Spring
2022-05,Kandy,P0001,4626,11.961774193548386,1,Spring
2022-05,Kandy,P0002,5759,35.428870967741936,1,Spring
2022-05,Kandy,P0003,3781,97.71822580645161,1,Spring
2022-05,Kandy,P0004,5781,35.24483870967742,1,Spring
2022-05,Kandy,P0005,5003,44.425161290322585,1,Spring
2022-05,Kandy,P0006,3960,31.63064516129032,1,Spring
2022-05,Kandy,P0007,5434,20.1858064516129,1,Spring
2022-05,Kandy,P0008,4773,96.54645161290323,1,Spring
2022-05,Kandy,P0009,6260,80.1775806451613,1,Spring
2022-05,Kandy,P0010,5537,29.63193548387097,1,Spring
2022-05,Kandy,P0011,5895,83.85258064516128,1,Spring
2022-05,Kandy,P0012,3408,88.71354838709676,1,Spring
2022-05,Kandy,P0013,5390,42.365,1,Spring
2022-05,Kandy,P0014,4236,114.23532258064516,1,Spring
2022-05,Kandy,P0015,4517,86.74693548387097,1,Spring
2022-05,Kandy,P0016,3696,92.68435483870968,1,Spring
2022-05,Kandy,P0017,5179,99.2441935483871,1,Spring
2022-05,Kandy,P0018,2832,122.6008064516129,1,Spring
2022-05,Kandy,P0019,6074,54.217903225806445,1,Spring
2022-05,Kandy,P0020,5275,93.81451612903226,1,Spring
2022-06,Colombo,P0001,6624,74.96783333333333,1,Summer
2022-06,Colombo,P0002,6845,49.26433333333333,1,Summer
2022-06,Colombo,P0003,7949,71.598,1,Summer
2022-06,Colombo,P0004,7339,74.98983333333334,1,Summer
2022-06,Colombo,P0005,7749,76.89383333333333,1,Summer
2022-06,Colombo,P0006,6169,50.686166666666665,1,Summer
2022-06,Colombo,P0007,6547,25.688499999999998,1,Summer
2022-06,Colombo,P0008,7377,34.80383333333334,1,Summer
2022-06,Colombo,P0009,7040,74.45633333333333,1,Summer
2022-06,Colombo,P0010,6083,103.911,1,Summer
2022-06,Colombo,P0011,6540,126.01116666666667,1,Summer
2022-06,Colombo,P0012,7672,78.76216666666667,1,Summer
2022-06,Colombo,P0013,7252,27.680333333333333,1,Summer
2022-06,Colombo,P0014,7300,97.89866666666667,1,Summer
2022-06,Colombo,P0015,6175,40.24483333333333,1,Summer
2022-06,Colombo,P0016,7696,62.87616666666667,1,Summer
2022-06,Colombo,P0017,5604,20.3175,1,Summer
2022-06,Colombo,P0018,8085,48.526500000000006,1,Summer
2022-06,Colombo,P0019,5200,94.24566666666666,1,Summer
2022-06,Colombo,P0020,5079,119.96183333333333,1,Summer
2022-06,Galle,P0001,4167,12.751333333333333,1,Summer
2022-06,Galle,P0002,3350,41.516,1,Summer
2022-06,Galle,P0003,3025,27.938666666666666,1,Summer
2022-06,Galle,P0004,4910,8.627333333333333,1,Summer
2022-06,Galle,P0005,4018,17.070666666666668,1,Summer
2022-06,Galle,P0006,4143,61.882333333333335,1,Summer
2022-06,Galle,P0007,4010,86.655,1,Summer
2022-06,Galle,P0008,4415,68.01566666666666,1,Summer
2022-06,Galle,P0009,4429,104.65066666666667,1,Summer
2022-06,Galle,P0010,3503,57.806666666666665,1,Summer
2022-06,Galle,P0011,2996,74.64833333333333,1,Summer
2022-06,Galle,P0012,2441,123.17866666666667,1,Summer
2022-06,Galle,P0013,4309,80.109,1,Summer
2022-06,Galle,P0014,2351,158.571,1,Summer
2022-06,Galle,P0015,4616,54.900333333333336,1,Summer
2022-06,Galle,P0016,3036,32.916000000000004,1,Summer
2022-06,Galle,P0017,2984,36.41866666666667,1,Summer
2022-06,Galle,P0018,3477,21.586000000000002,1,Summer
2022-06,Galle,P0019,2471,134.27466666666666,1,Summer
2022-06,Galle,P0020,2960,29.201,1,Summer
2022-06,Kandy,P0001,7621,14.000499999999999,1,Summer
2022-06,Kandy,P0002,9663,42.843333333333334,1,Summer
2022-06,Kandy,P0003,5465,107.5065,1,Summer
2022-06,Kandy,P0004,9072,41.19983333333333,1,Summer
2022-06,Kandy,P0005,5683,44.1125,1,Summer
2022-06,Kandy,P0006,7660,39.2295,1,Summer
2022-06,Kandy,P0007,8413,23.770500000000002,1,Summer
2022-06,Kandy,P0008,5056,100.3775,1,Summer
2022-06,Kandy,P0009,7271,82.80716666666667,1,Summer
2022-06,Kandy,P0010,7856,33.99366666666666,1,Summer
2022-06,Kandy,P0011,6573,89.74766666666666,1,Summer
2022-06,Kandy,P0012,5405,102.25483333333334,1,Summer
2022-06,Kandy,P0013,9334,51.831,1,Summer
2022-06,Kandy,P0014,6565,128.40533333333332,1,Summer
2022-06,Kandy,P0015,7182,101.99733333333333,1,Summer
2022-06,Kandy,P0016,5750,105.7985,1,Summer
2022-06,Kandy,P0017,5296,102.16266666666667,1,Summer
2022-06,Kandy,P0018,4760,139.51683333333332,1,Summer
2022-06,Kandy,P0019,7395,57.79600000000001,1,Summer
2022-06,Kandy,P0020,5769,97.89733333333334,1,Summer
2022-07,Colombo,P0001,4875,66.92854838709677,1,Summer
2022-07,Colombo,P0002,5086,45.41935483870968,1,Summer
2022-07,Colombo,P0003,6643,65.59129032258065,1,Summer
2022-07,Colombo,P0004,5276,65.67999999999999,1,Summer
2022-07,Colombo,P0005,5511,67.23758064516129,1,Summer
2022-07,Colombo,P0006,4656,47.46048387096774,1,Summer
2022-07,Colombo,P0007,4669,22.791935483870965,1,Summer
2022-07,Colombo,P0008,5429,31.611290322580647,1,Summer
2022-07,Colombo,P0009,7385,76.48193548387097,1,Summer
2022-07,Colombo,P0010,4763,95.75806451612904,1,Summer
2022-07,Colombo,P0011,4906,114.70177419354839,1,Summer
2022-07,Colombo,P0012,5846,70.10290322580646,1,Summer
2022-07,Colombo,P0013,4744,23.565483870967743,1,Summer
2022-07,Colombo,P0014,5018,87.29225806451613,1,Summer
2022-07,Colombo,P0015,4402,38.770322580645164,1,Summer
2022-07,Colombo,P0016,6314,59.57645161290323,1,Summer
2022-07,Colombo,P0017,2985,17.111290322580647,1,Summer
2022-07,Colombo,P0018,6468,43.32741935483871,1,Summer
2022-07,Colombo,P0019,4928,89.55000000000001,1,Summer
2022-07,Colombo,P0020,2969,106.20693548387096,1,Summer
2022-07,Galle,P0001,2862,11.04516129032258,1,Summer
2022-07,Galle,P0002,2109,35.939677419354844,1,Summer
2022-07,Galle,P0003,1548,24.184193548387096,1,Summer
2022-07,Galle,P0004,3252,7.438064516129033,1,Summer
2022-07,Galle,P0005,3383,15.861612903225806,1,Summer
2022-07,Galle,P0006,3485,56.96677419354839,1,Summer
2022-07,Galle,P0007,3403,79.59548387096774,1,Summer
2022-07,Galle,P0008,3087,59.03612903225806,1,Summer
2022-07,Galle,P0009,3519,92.58935483870968,1,Summer
2022-07,Galle,P0010,3506,58.56903225806452,1,Summer
2022-07,Galle,P0011,2179,67.27935483870968,1,Summer
2022-07,Galle,P0012,1563,109.95161290322581,1,Summer
2022-07,Galle,P0013,3327,73.71967741935484,1,Summer
2022-07,Galle,P0014,1521,140.84483870967745,1,Summer
2022-07,Galle,P0015,2863,45.766774193548386,1,Summer
2022-07,Galle,P0016,1341,26.78322580645161,1,Summer
2022-07,Galle,P0017,1474,29.690322580645162,1,Summer
2022-07,Galle,P0018,3670,21.948709677419355,1,Summer
2022-07,Galle,P0019,1340,115.06322580645161,1,Summer
2022-07,Galle,P0020,1381,23.9541935483871,1,Summer
2022-07,Kandy,P0001,4251,11.651774193548386,1,Summer
2022-07,Kandy,P0002,6565,36.08032258064516,1,Summer
2022-07,Kandy,P0003,3932,97.50193548387097,1,Summer
2022-07,Kandy,P0004,7086,37.65096774193549,1,Summer
2022-07,Kandy,P0005,4648,44.04145161290323,1,Summer
2022-07,Kandy,P0006,4913,33.24177419354838,1,Summer
2022-07,Kandy,P0007,6588,21.595806451612905,1,Summer
2022-07,Kandy,P0008,4605,95.88629032258065,1,Summer
2022-07,Kandy,P0009,7446,86.13451612903226,1,Summer
2022-07,Kandy,P0010,6526,30.895967741935483,1,Summer
2022-07,Kandy,P0011,5469,82.00161290322582,1,Summer
2022-07,Kandy,P0012,3914,92.60145161290322,1,Summer
2022-07,Kandy,P0013,6831,44.597258064516126,1,Summer
2022-07,Kandy,P0014,4802,118.46612903225805,1,Summer
2022-07,Kandy,P0015,4424,86.50322580645161,1,Summer
2022-07,Kandy,P0016,4092,95.21016129032257,1,Summer
2022-07,Kandy,P0017,5060,99.48854838709677,1,Summer
2022-07,Kandy,P0018,3168,125.55935483870968,1,Summer
2022-07,Kandy,P0019,6764,55.70580645161291,1,Summer
2022-07,Kandy,P0020,4966,92.48225806451612,1,Summer
2022-08,Colombo,P0001,7797,78.60048387096775,1,Summer
2022-08,Colombo,P0002,7189,49.38290322580645,1,Summer
2022-08,Colombo,P0003,8580,72.24983870967742,1,Summer
2022-08,Colombo,P0004,8182,76.27596774193547,1,Summer
2022-08,Colombo,P0005,7890,76.82096774193548,1,Summer
2022-08,Colombo,P0006,6036,50.32419354838709,1,Summer
2022-08,Colombo,P0007,7441,26.75483870967742,1,Summer
2022-08,Colombo,P0008,7680,35.792419354838714,1,Summer
2022-08,Colombo,P0009,8217,77.8508064516129,1,Summer
2022-08,Colombo,P0010,6915,108.69532258064517,1,Summer
2022-08,Colombo,P0011,8350,137.22145161290322,1,Summer
2022-08,Colombo,P0012,8098,78.81903225806451,1,Summer
2022-08,Colombo,P0013,7969,28.233548387096775,1,Summer
2022-08,Colombo,P0014,8131,101.19935483870967,1,Summer
2022-08,Colombo,P0015,6351,40.50483870967742,1,Summer
2022-08,Colombo,P0016,9054,66.11112903225806,1,Summer
2022-08,Colombo,P0017,6552,20.94435483870968,1,Summer
2022-08,Colombo,P0018,7552,46.074838709677415,1,Summer
2022-08,Colombo,P0019,5573,95.12451612903226,1,Summer
2022-08,Colombo,P0020,5332,119.77467741935483,1,Summer
2022-08,Galle,P0001,4872,13.181290322580645,1,Summer
2022-08,Galle,P0002,3159,39.76096774193548,1,Summer
2022-08,Galle,P0003,3126,28.976451612903226,1,Summer
2022-08,Galle,P0004,4902,8.466774193548387,1,Summer
2022-08,Galle,P0005,4611,17.883225806451613,1,Summer
2022-08,Galle,P0006,4431,62.589999999999996,1,Summer
2022-08,Galle,P0007,4896,91.18290322580646,1,Summer
2022-08,Galle,P0008,4673,69.20354838709677,1,Summer
2022-08,Galle,P0009,4804,107.27870967741936,1,Summer
2022-08,Galle,P0010,4359,63.153225806451616,1,Summer
2022-08,Galle,P0011,3584,80.2658064516129,1,Summer
2022-08,Galle,P0012,2492,124.41774193548386,1,Summer
2022-08,Galle,P0013,4573,81.02064516129032,1,Summer
2022-08,Galle,P0014,2716,160.82387096774193,1,Summer
2022-08,Galle,P0015,4646,53.89354838709678,1,Summer
2022-08,Galle,P0016,3460,34.21258064516129,1,Summer
2022-08,Galle,P0017,3073,35.41290322580645,1,Summer
2022-08,Galle,P0018,3470,21.01838709677419,1,Summer
2022-08,Galle,P0019,2607,133.23096774193547,1,Summer
2022-08,Galle,P0020,3305,29.738709677419354,1,Summer
2022-08,Kandy,P0001,7639,13.842096774193548,1,Summer
2022-08,Kandy,P0002,9065,41.06629032258065,1,Summer
2022-08,Kandy,P0003,6622,113.16951612903226,1,Summer
2022-08,Kandy,P0004,9445,41.10951612903226,1,Summer
2022-08,Kandy,P0005,6232,46.28306451612904,1,Summer
2022-08,Kandy,P0006,7704,37.83822580645161,1,Summer
2022-08,Kandy,P0007,9052,24.557419354838707,1,Summer
2022-08,Kandy,P0008,5453,100.96338709677418,1,Summer
2022-08,Kandy,P0009,7535,83.94596774193548,1,Summer
2022-08,Kandy,P0010,8740,34.32403225806452,1,Summer
2022-08,Kandy,P0011,7418,92.79306451612904,1,Summer
2022-08,Kandy,P0012,5933,103.94548387096773,1,Summer
2022-08,Kandy,P0013,8925,50.29677419354839,1,Summer
2022-08,Kandy,P0014,7276,132.4775806451613,1,Summer
2022-08,Kandy,P0015,6832,97.8740322580645,1,Summer
2022-08,Kandy,P0016,6193,107.06629032258064,1,Summer
2022-08,Kandy,P0017,5641,103.85112903225807,1,Summer
2022-08,Kandy,P0018,4820,141.58854838709678,1,Summer
2022-08,Kandy,P0019,7813,58.64016129032258,1,Summer
2022-08,Kandy,P0020,5451,95.57806451612903,1,Summer
2022-09,Colombo,P0001,6657,74.503,1,Autumn
2022-09,Colombo,P0002,6136,47.301500000000004,1,Autumn
2022-09,Colombo,P0003,7228,67.1505,1,Autumn
2022-09,Colombo,P0004,6648,71.51433333333333,1,Autumn
2022-09,Colombo,P0005,6664,74.95833333333333,1,Autumn
2022-09,Colombo,P0006,6345,51.75066666666667,1,Autumn
2022-09,Colombo,P0007,6943,26.139833333333335,1,Autumn
2022-09,Colombo,P0008,6482,33.83833333333333,1,Autumn
2022-09,Colombo,P0009,6867,74.61233333333332,1,Autumn
2022-09,Colombo,P0010,6516,108.43366666666667,1,Autumn
2022-09,Colombo,P0011,6122,123.59466666666667,1,Autumn
2022-09,Colombo,P0012,6428,73.001,1,Autumn
2022-09,Colombo,P0013,7143,27.192,1,Autumn
2022-09,Colombo,P0014,6801,96.52533333333334,1,Autumn
2022-09,Colombo,P0015,6157,40.205333333333336,1,Autumn
2022-09,Colombo,P0016,6198,59.993,1,Autumn
2022-09,Colombo,P0017,6566,21.440333333333335,1,Autumn
2022-09,Colombo,P0018,6950,44.529,1,Autumn
2022-09,Colombo,P0019,5602,95.63316666666667,1,Autumn
2022-09,Colombo,P0020,4674,117.069,1,Autumn
2022-09,Galle,P0001,3404,11.667,1,Autumn
2022-09,Galle,P0002,3385,41.193666666666665,1,Autumn
2022-09,Galle,P0003,2931,28.087666666666667,1,Autumn
2022-09,Galle,P0004,3619,7.803,1,Autumn
2022-09,Galle,P0005,3245,15.518333333333334,1,Autumn
2022-09,Galle,P0006,3610,60.183,1,Autumn
2022-09,Galle,P0007,3510,81.40233333333335,1,Autumn
2022-09,Galle,P0008,3495,62.616,1,Autumn
2022-09,Galle,P0009,3889,97.83733333333333,1,Autumn
2022-09,Galle,P0010,3946,61.0,1,Autumn
2022-09,Galle,P0011,3052,74.92666666666668,1,Autumn
2022-09,Galle,P0012,2481,124.107,1,Autumn
2022-09,Galle,P0013,3710,74.46566666666666,1,Autumn
2022-09,Galle,P0014,2411,158.90166666666667,1,Autumn
2022-09,Galle,P0015,3516,48.91733333333333,1,Autumn
2022-09,Galle,P0016,2923,32.87333333333333,1,Autumn
2022-09,Galle,P0017,3142,36.334666666666664,1,Autumn
2022-09,Galle,P0018,3644,22.262999999999998,1,Autumn
2022-09,Galle,P0019,2339,130.075,1,Autumn
2022-09,Galle,P0020,3088,29.807000000000002,1,Autumn
2022-09,Kandy,P0001,6940,13.687999999999999,1,Autumn
2022-09,Kandy,P0002,7738,38.70483333333333,1,Autumn
2022-09,Kandy,P0003,6255,111.92433333333334,1,Autumn
2022-09,Kandy,P0004,7248,38.892,1,Autumn
2022-09,Kandy,P0005,6415,47.35766666666667,1,Autumn
2022-09,Kandy,P0006,6957,37.5275,1,Autumn
2022-09,Kandy,P0007,7632,23.035500000000003,1,Autumn
2022-09,Kandy,P0008,5909,105.01433333333333,1,Autumn
2022-09,Kandy,P0009,6840,83.056,1,Autumn
2022-09,Kandy,P0010,7400,32.91266666666667,1,Autumn
2022-09,Kandy,P0011,6322,87.556,1,Autumn
2022-09,Kandy,P0012,5636,103.00583333333334,1,Autumn
2022-09,Kandy,P0013,7383,46.345166666666664,1,Autumn
2022-09,Kandy,P0014,6544,131.07166666666666,1,Autumn
2022-09,Kandy,P0015,6041,95.452,1,Autumn
2022-09,Kandy,P0016,5519,104.00366666666667,1,Autumn
2022-09,Kandy,P0017,5486,103.36866666666667,1,Autumn
2022-09,Kandy,P0018,5020,143.59466666666668,1,Autumn
2022-09,Kandy,P0019,6866,56.99166666666667,1,Autumn
2022-09,Kandy,P0020,5646,99.066,1,Autumn
2022-10,Colombo,P0001,6518,73.75645161290322,1,Autumn
2022-10,Colombo,P0002,6900,48.79145161290323,1,Autumn
2022-10,Colombo,P0003,7005,67.74580645161289,1,Autumn
2022-10,Colombo,P0004,6917,73.25612903225807,1,Autumn
2022-10,Colombo,P0005,7333,74.87096774193549,1,Autumn
2022-10,Colombo,P0006,6056,49.10838709677419,1,Autumn
2022-10,Colombo,P0007,6887,25.981935483870966,1,Autumn
2022-10,Colombo,P0008,6756,34.13887096774194,1,Autumn
2022-10,Colombo,P0009,6810,72.94951612903226,1,Autumn
2022-10,Colombo,P0010,5707,102.49951612903226,1,Autumn
2022-10,Colombo,P0011,6216,124.77709677419355,1,Autumn
2022-10,Colombo,P0012,6751,73.94145161290322,1,Autumn
2022-10,Colombo,P0013,6929,27.249193548387098,1,Autumn
2022-10,Colombo,P0014,6144,92.3366129032258,1,Autumn
2022-10,Colombo,P0015,5560,38.17370967741935,1,Autumn
2022-10,Colombo,P0016,6740,61.85709677419354,1,Autumn
2022-10,Colombo,P0017,6478,20.799999999999997,1,Autumn
2022-10,Colombo,P0018,7177,44.406129032258065,1,Autumn
2022-10,Colombo,P0019,5938,98.18467741935484,1,Autumn
2022-10,Colombo,P0020,5135,118.59774193548388,1,Autumn
2022-10,Galle,P0001,4044,12.274193548387096,1,Autumn
2022-10,Galle,P0002,3078,39.31032258064516,1,Autumn
2022-10,Galle,P0003,3507,30.09258064516129,1,Autumn
2022-10,Galle,P0004,3968,7.687096774193548,1,Autumn
2022-10,Galle,P0005,3541,15.859032258064516,1,Autumn
2022-10,Galle,P0006,4001,60.89612903225807,1,Autumn
2022-10,Galle,P0007,3445,80.14774193548386,1,Autumn
2022-10,Galle,P0008,3675,60.530967741935484,1,Autumn
2022-10,Galle,P0009,3730,95.54225806451613,1,Autumn
2022-10,Galle,P0010,3657,58.18064516129032,1,Autumn
2022-10,Galle,P0011,2968,74.29129032258065,1,Autumn
2022-10,Galle,P0012,2570,122.59645161290324,1,Autumn
2022-10,Galle,P0013,3594,74.44612903225806,1,Autumn
2022-10,Galle,P0014,2319,157.49483870967742,1,Autumn
2022-10,Galle,P0015,3602,50.52322580645161,1,Autumn
2022-10,Galle,P0016,3274,33.75709677419355,1,Autumn
2022-10,Galle,P0017,3281,36.13129032258065,1,Autumn
2022-10,Galle,P0018,3545,21.563225806451616,1,Autumn
2022-10,Galle,P0019,2692,133.73129032258063,1,Autumn
2022-10,Galle,P0020,3057,28.87516129032258,1,Autumn
2022-10,Kandy,P0001,6845,13.499354838709678,1,Autumn
2022-10,Kandy,P0002,7427,38.02274193548387,1,Autumn
2022-10,Kandy,P0003,6286,113.01016129032259,1,Autumn
2022-10,Kandy,P0004,7827,39.50225806451613,1,Autumn
2022-10,Kandy,P0005,6177,45.50403225806452,1,Autumn
2022-10,Kandy,P0006,7134,37.45274193548387,1,Autumn
2022-10,Kandy,P0007,7133,22.129677419354838,1,Autumn
2022-10,Kandy,P0008,5791,102.01612903225806,1,Autumn
2022-10,Kandy,P0009,6885,82.18451612903225,1,Autumn
2022-10,Kandy,P0010,7677,33.33064516129032,1,Autumn
2022-10,Kandy,P0011,6437,88.33548387096775,1,Autumn
2022-10,Kandy,P0012,6068,103.66209677419356,1,Autumn
2022-10,Kandy,P0013,8200,47.87677419354839,1,Autumn
2022-10,Kandy,P0014,5642,124.1174193548387,1,Autumn
2022-10,Kandy,P0015,6681,97.2683870967742,1,Autumn
2022-10,Kandy,P0016,6279,107.81612903225808,1,Autumn
2022-10,Kandy,P0017,5799,105.11967741935484,1,Autumn
2022-10,Kandy,P0018,4957,140.1358064516129,1,Autumn
2022-10,Kandy,P0019,7308,57.30435483870968,1,Autumn
2022-10,Kandy,P0020,5807,97.28225806451613,1,Autumn
2022-11,Colombo,P0001,6632,75.49533333333333,1,Autumn
2022-11,Colombo,P0002,5950,47.117,1,Autumn
2022-11,Colombo,P0003,7043,66.93333333333334,1,Autumn
2022-11,Colombo,P0004,6287,71.4315,1,Autumn
2022-11,Colombo,P0005,6710,72.65283333333333,1,Autumn
2022-11,Colombo,P0006,6549,52.032000000000004,1,Autumn
2022-11,Colombo,P0007,6930,26.147666666666666,1,Autumn
2022-11,Colombo,P0008,6087,33.246833333333335,1,Autumn
2022-11,Colombo,P0009,7251,76.22183333333334,1,Autumn
2022-11,Colombo,P0010,6148,106.06583333333333,1,Autumn
2022-11,Colombo,P0011,5262,118.94516666666667,1,Autumn
2022-11,Colombo,P0012,6956,75.0395,1,Autumn
2022-11,Colombo,P0013,6470,26.577833333333334,1,Autumn
2022-11,Colombo,P0014,7192,98.85566666666666,1,Autumn
2022-11,Colombo,P0015,5858,39.251666666666665,1,Autumn
2022-11,Colombo,P0016,7050,62.64783333333333,1,Autumn
2022-11,Colombo,P0017,6222,21.166666666666668,1,Autumn
2022-11,Colombo,P0018,7015,44.1565,1,Autumn
2022-11,Colombo,P0019,5426,95.19016666666667,1,Autumn
2022-11,Colombo,P0020,4696,117.5475,1,Autumn
2022-11,Galle,P0001,3538,12.199333333333334,1,Autumn
2022-11,Galle,P0002,3110,40.278,1,Autumn
2022-11,Galle,P0003,3020,28.45,1,Autumn
2022-11,Galle,P0004,3495,7.727333333333333,1,Autumn
2022-11,Galle,P0005,3729,16.51033333333333,1,Autumn
2022-11,Galle,P0006,3828,60.33266666666667,1,Autumn
2022-11,Galle,P0007,3643,82.20366666666668,1,Autumn
2022-11,Galle,P0008,3751,64.54066666666667,1,Autumn
2022-11,Galle,P0009,3791,98.21066666666667,1,Autumn
2022-11,Galle,P0010,3589,57.73166666666667,1,Autumn
2022-11,Galle,P0011,3008,75.94033333333333,1,Autumn
2022-11,Galle,P0012,2627,125.523,1,Autumn
2022-11,Galle,P0013,4178,79.289,1,Autumn
2022-11,Galle,P0014,2835,166.87366666666668,1,Autumn
2022-11,Galle,P0015,3951,51.531666666666666,1,Autumn
2022-11,Galle,P0016,3190,33.901666666666664,1,Autumn
2022-11,Galle,P0017,3104,36.00633333333334,1,Autumn
2022-11,Galle,P0018,3572,21.878333333333334,1,Autumn
2022-11,Galle,P0019,2298,128.13166666666666,1,Autumn
2022-11,Galle,P0020,3203,29.836000000000002,1,Autumn
2022-11,Kandy,P0001,6558,13.394,1,Autumn
2022-11,Kandy,P0002,8120,40.22233333333334,1,Autumn
2022-11,Kandy,P0003,5889,112.03,1,Autumn
2022-11,Kandy,P0004,6965,37.73683333333334,1,Autumn
2022-11,Kandy,P0005,6256,46.59316666666667,1,Autumn
2022-11,Kandy,P0006,6687,37.599833333333336,1,Autumn
2022-11,Kandy,P0007,7484,22.479,1,Autumn
2022-11,Kandy,P0008,5546,102.21733333333333,1,Autumn
2022-11,Kandy,P0009,6828,82.7965,1,Autumn
2022-11,Kandy,P0010,7438,32.357,1,Autumn
2022-11,Kandy,P0011,6632,90.60033333333334,1,Autumn
2022-11,Kandy,P0012,5533,101.83633333333334,1,Autumn
2022-11,Kandy,P0013,7569,47.9995,1,Autumn
2022-11,Kandy,P0014,7064,133.00650000000002,1,Autumn
2022-11,Kandy,P0015,5767,93.20633333333333,1,Autumn
2022-11,Kandy,P0016,6538,108.9145,1,Autumn
2022-11,Kandy,P0017,5467,104.30666666666666,1,Autumn
2022-11,Kandy,P0018,4818,140.85083333333333,1,Autumn
2022-11,Kandy,P0019,6221,55.248000000000005,1,Autumn
2022-11,Kandy,P0020,5832,99.43566666666668,1,Autumn
2022-12,Colombo,P0001,7016,75.67306451612903,1,Winter
2022-12,Colombo,P0002,7378,50.50693548387097,1,Winter
2022-12,Colombo,P0003,7948,70.3309677419355,1,Winter
2022-12,Colombo,P0004,7411,74.91935483870968,1,Winter
2022-12,Colombo,P0005,7715,76.2358064516129,1,Winter
2022-12,Colombo,P0006,6566,52.31241935483871,1,Winter
2022-12,Colombo,P0007,7946,27.06951612903226,1,Winter
2022-12,Colombo,P0008,6778,34.00758064516129,1,Winter
2022-12,Colombo,P0009,7962,77.80629032258064,1,Winter
2022-12,Colombo,P0010,6575,107.50983870967741,1,Winter
2022-12,Colombo,P0011,6692,128.0909677419355,1,Winter
2022-12,Colombo,P0012,7162,75.48193548387097,1,Winter
2022-12,Colombo,P0013,7015,27.444032258064517,1,Winter
2022-12,Colombo,P0014,6459,95.04483870967742,1,Winter
2022-12,Colombo,P0015,7045,42.759354838709676,1,Winter
2022-12,Colombo,P0016,7898,65.88306451612904,1,Winter
2022-12,Colombo,P0017,6512,20.84951612903226,1,Winter
2022-12,Colombo,P0018,7335,43.67983870967742,1,Winter
2022-12,Colombo,P0019,6323,99.80467741935485,1,Winter
2022-12,Colombo,P0020,5360,119.92435483870969,1,Winter
2022-12,Galle,P0001,4102,12.38516129032258,1,Winter
2022-12,Galle,P0002,3253,39.627096774193554,1,Winter
2022-12,Galle,P0003,3268,28.467741935483872,1,Winter
2022-12,Galle,P0004,3761,7.827419354838709,1,Winter
2022-12,Galle,P0005,4164,16.63225806451613,1,Winter
2022-12,Galle,P0006,3725,59.90193548387097,1,Winter
2022-12,Galle,P0007,4017,85.65774193548387,1,Winter
2022-12,Galle,P0008,3806,63.490645161290324,1,Winter
2022-12,Galle,P0009,3911,98.43709677419355,1,Winter
2022-12,Galle,P0010,3626,59.25032258064516,1,Winter
2022-12,Galle,P0011,3307,78.03129032258065,1,Winter
2022-12,Galle,P0012,2509,122.73677419354837,1,Winter
2022-12,Galle,P0013,3771,74.69806451612902,1,Winter
2022-12,Galle,P0014,2434,156.39354838709676,1,Winter
2022-12,Galle,P0015,4041,51.73290322580645,1,Winter
2022-12,Galle,P0016,3186,32.90387096774194,1,Winter
2022-12,Galle,P0017,3010,35.02225806451613,1,Winter
2022-12,Galle,P0018,4208,23.040967741935482,1,Winter
2022-12,Galle,P0019,2452,133.30580645161288,1,Winter
2022-12,Galle,P0020,3685,31.681290322580644,1,Winter
2022-12,Kandy,P0001,7540,14.11241935483871,1,Winter
2022-12,Kandy,P0002,7375,38.692903225806454,1,Winter
2022-12,Kandy,P0003,6471,112.32564516129031,1,Winter
2022-12,Kandy,P0004,7379,38.869354838709675,1,Winter
2022-12,Kandy,P0005,6820,46.98564516129032,1,Winter
2022-12,Kandy,P0006,6943,36.98870967741936,1,Winter
2022-12,Kandy,P0007,8148,23.11225806451613,1,Winter
2022-12,Kandy,P0008,6620,106.82370967741934,1,Winter
2022-12,Kandy,P0009,7598,86.99451612903225,1,Winter
2022-12,Kandy,P0010,8202,33.740483870967736,1,Winter
2022-12,Kandy,P0011,7811,93.57193548387097,1,Winter
2022-12,Kandy,P0012,5844,102.50967741935484,1,Winter
2022-12,Kandy,P0013,7776,46.43064516129032,1,Winter
2022-12,Kandy,P0014,5362,122.80000000000001,1,Winter
2022-12,Kandy,P0015,6348,96.22435483870967,1,Winter
2022-12,Kandy,P0016,6076,107.61467741935483,1,Winter
2022-12,Kandy,P0017,6440,106.72274193548388,1,Winter
2022-12,Kandy,P0018,4859,141.06467741935484,1,Winter
2022-12,Kandy,P0019,7902,59.21290322580645,1,Winter
2022-12,Kandy,P0020,6585,101.59290322580645,1,Winter
2023-01,Colombo,P0001,7126,75.23822580645162,1,Winter
2023-01,Colombo,P0002,7598,51.51483870967742,1,Winter
2023-01,Colombo,P0003,7917,69.08129032258064,1,Winter
2023-01,Colombo,P0004,6413,72.31435483870968,1,Winter
2023-01,Colombo,P0005,7941,78.08290322580646,1,Winter
2023-01,Colombo,P0006,7081,53.395645161290325,1,Winter
2023-01,Colombo,P0007,6681,25.70435483870968,1,Winter
2023-01,Colombo,P0008,6515,33.505806451612905,1,Winter
2023-01,Colombo,P0009,8458,81.16516129032257,1,Winter
2023-01,Colombo,P0010,6438,105.47290322580645,1,Winter
2023-01,Colombo,P0011,6347,125.41887096774194,1,Winter
2023-01,Colombo,P0012,6600,73.18387096774192,1,Winter
2023-01,Colombo,P0013,7010,27.01322580645161,1,Winter
2023-01,Colombo,P0014,7072,98.24806451612903,1,Winter
2023-01,Colombo,P0015,7096,43.41225806451613,1,Winter
2023-01,Colombo,P0016,7814,65.76112903225807,1,Winter
2023-01,Colombo,P0017,5956,20.343548387096774,1,Winter
2023-01,Colombo,P0018,7793,44.39677419354839,1,Winter
2023-01,Colombo,P0019,6481,98.41532258064517,1,Winter
2023-01,Colombo,P0020,4571,114.65645161290323,1,Winter
2023-01,Galle,P0001,3693,11.911612903225807,1,Winter
2023-01,Galle,P0002,3040,37.97451612903226,1,Winter
2023-01,Galle,P0003,3337,29.36258064516129,1,Winter
2023-01,Galle,P0004,3687,7.7541935483870965,1,Winter
2023-01,Galle,P0005,4050,16.734193548387097,1,Winter
2023-01,Galle,P0006,4208,62.681612903225805,1,Winter
2023-01,Galle,P0007,3731,82.7874193548387,1,Winter
2023-01,Galle,P0008,3666,62.784193548387094,1,Winter
2023-01,Galle,P0009,3426,92.35677419354839,1,Winter
2023-01,Galle,P0010,3737,58.8416129032258,1,Winter
2023-01,Galle,P0011,2921,74.59096774193549,1,Winter
2023-01,Galle,P0012,2766,125.18806451612903,1,Winter
2023-01,Galle,P0013,3242,71.92096774193548,1,Winter
2023-01,Galle,P0014,2384,154.67483870967743,1,Winter
2023-01,Galle,P0015,3790,49.803225806451614,1,Winter
2023-01,Galle,P0016,3128,33.86612903225806,1,Winter
2023-01,Galle,P0017,3062,34.98967741935484,1,Winter
2023-01,Galle,P0018,4552,24.05354838709677,1,Winter
2023-01,Galle,P0019,2393,130.40870967741935,1,Winter
2023-01,Galle,P0020,2823,28.551290322580645,1,Winter
2023-01,Kandy,P0001,6582,13.355,1,Winter
2023-01,Kandy,P0002,7378,38.671129032258065,1,Winter
2023-01,Kandy,P0003,6409,114.46806451612902,1,Winter
2023-01,Kandy,P0004,7320,38.41677419354839,1,Winter
2023-01,Kandy,P0005,7678,50.59951612903226,1,Winter
2023-01,Kandy,P0006,7358,38.07838709677419,1,Winter
2023-01,Kandy,P0007,7865,23.029838709677417,1,Winter
2023-01,Kandy,P0008,6439,106.65806451612903,1,Winter
2023-01,Kandy,P0009,7496,85.26064516129033,1,Winter
2023-01,Kandy,P0010,7334,32.2908064516129,1,Winter
2023-01,Kandy,P0011,7080,92.20548387096774,1,Winter
2023-01,Kandy,P0012,5578,101.01177419354838,1,Winter
2023-01,Kandy,P0013,6899,44.96564516129032,1,Winter
2023-01,Kandy,P0014,5900,125.83741935483872,1,Winter
2023-01,Kandy,P0015,5846,92.39193548387097,1,Winter
2023-01,Kandy,P0016,5892,104.14258064516129,1,Winter
2023-01,Kandy,P0017,6053,105.97693548387096,1,Winter
2023-01,Kandy,P0018,4743,138.63387096774193,1,Winter
2023-01,Kandy,P0019,7924,59.07967741935484,1,Winter
2023-01,Kandy,P0020,5547,96.72693548387096,1,Winter
2023-02,Colombo,P0001,3888,64.1525,1,Winter
2023-02,Colombo,P0002,5092,47.511250000000004,1,Winter
2023-02,Colombo,P0003,5851,63.51232142857143,1,Winter
2023-02,Colombo,P0004,3639,61.35071428571428,1,Winter
2023-02,Colombo,P0005,3739,62.60142857142857,1,Winter
2023-02,Colombo,P0006,4638,49.41357142857142,1,Winter
2023-02,Colombo,P0007,3367,21.65892857142857,1,Winter
2023-02,Colombo,P0008,3901,29.412857142857142,1,Winter
2023-02,Colombo,P0009,6313,76.05982142857144,1,Winter
2023-02,Colombo,P0010,3347,89.91642857142857,1,Winter
2023-02,Colombo,P0011,3015,105.30071428571429,1,Winter
2023-02,Colombo,P0012,3744,63.769999999999996,1,Winter
2023-02,Colombo,P0013,3207,22.119107142857143,1,Winter
2023-02,Colombo,P0014,3846,82.34214285714286,1,Winter
2023-02,Colombo,P0015,4318,40.10125,1,Winter
2023-02,Colombo,P0016,6086,62.144642857142856,1,Winter
2023-02,Colombo,P0017,1967,16.088214285714283,1,Winter
2023-02,Colombo,P0018,5260,39.49839285714285,1,Winter
2023-02,Colombo,P0019,4352,89.70803571428571,1,Winter
2023-02,Colombo,P0020,2296,101.82535714285714,1,Winter
2023-02,Galle,P0001,2473,10.661428571428571,1,Winter
2023-02,Galle,P0002,1628,33.59892857142857,1,Winter
2023-02,Galle,P0003,752,21.783214285714287,1,Winter
2023-02,Galle,P0004,2415,6.906428571428571,1,Winter
2023-02,Galle,P0005,2360,14.205714285714285,1,Winter
2023-02,Galle,P0006,2828,55.801785714285714,1,Winter
2023-02,Galle,P0007,2440,74.12607142857144,1,Winter
2023-02,Galle,P0008,2213,53.980000000000004,1,Winter
2023-02,Galle,P0009,2451,87.60964285714286,1,Winter
2023-02,Galle,P0010,2296,53.104285714285716,1,Winter
2023-02,Galle,P0011,1790,67.82714285714286,1,Winter
2023-02,Galle,P0012,969,103.57857142857142,1,Winter
2023-02,Galle,P0013,2483,66.72392857142857,1,Winter
2023-02,Galle,P0014,1236,137.2307142857143,1,Winter
2023-02,Galle,P0015,2326,44.43321428571429,1,Winter
2023-02,Galle,P0016,807,25.44,1,Winter
2023-02,Galle,P0017,770,26.863214285714285,1,Winter
2023-02,Galle,P0018,3447,22.054642857142856,1,Winter
2023-02,Galle,P0019,957,110.26785714285714,1,Winter
2023-02,Galle,P0020,835,22.885357142857142,1,Winter
2023-02,Kandy,P0001,3301,11.02892857142857,1,Winter
2023-02,Kandy,P0002,4381,33.443571428571424,1,Winter
2023-02,Kandy,P0003,3039,95.30339285714285,1,Winter
2023-02,Kandy,P0004,4270,32.339464285714286,1,Winter
2023-02,Kandy,P0005,4189,44.23267857142857,1,Winter
2023-02,Kandy,P0006,3137,30.56035714285714,1,Winter
2023-02,Kandy,P0007,4651,20.200357142857143,1,Winter
2023-02,Kandy,P0008,4523,99.88767857142857,1,Winter
2023-02,Kandy,P0009,5777,82.32214285714285,1,Winter
2023-02,Kandy,P0010,4594,28.534464285714286,1,Winter
2023-02,Kandy,P0011,5023,80.28428571428572,1,Winter
2023-02,Kandy,P0012,2818,88.12339285714286,1,Winter
2023-02,Kandy,P0013,4634,41.50035714285714,1,Winter
2023-02,Kandy,P0014,3593,110.25910714285715,1,Winter
2023-02,Kandy,P0015,3099,82.87410714285714,1,Winter
2023-02,Kandy,P0016,2625,87.48053571428571,1,Winter
2023-02,Kandy,P0017,4464,99.62071428571429,1,Winter
2023-02,Kandy,P0018,2013,118.63089285714285,1,Winter
2023-02,Kandy,P0019,6057,56.13928571428572,1,Winter
2023-02,Kandy,P0020,4729,93.10982142857142,1,Winter
2023-03,Colombo,P0001,6845,74.30935483870968,1,Spring
2023-03,Colombo,P0002,7795,50.54258064516129,1,Spring
2023-03,Colombo,P0003,7436,67.95903225806451,1,Spring
2023-03,Colombo,P0004,6742,72.59709677419356,1,Spring
2023-03,Colombo,P0005,7195,74.57225806451612,1,Spring
2023-03,Colombo,P0006,6630,50.72693548387097,1,Spring
2023-03,Colombo,P0007,8119,27.731290322580644,1,Spring
2023-03,Colombo,P0008,7351,34.884032258064515,1,Spring
2023-03,Colombo,P0009,7296,75.42967741935485,1,Spring
2023-03,Colombo,P0010,6277,107.0883870967742,1,Spring
2023-03,Colombo,P0011,6678,126.85032258064517,1,Spring
2023-03,Colombo,P0012,6861,75.01677419354839,1,Spring
2023-03,Colombo,P0013,8949,30.198709677419355,1,Spring
2023-03,Colombo,P0014,7246,97.68951612903226,1,Spring
2023-03,Colombo,P0015,7212,40.291935483870965,1,Spring
2023-03,Colombo,P0016,7217,62.30774193548387,1,Spring
2023-03,Colombo,P0017,7139,21.654032258064515,1,Spring
2023-03,Colombo,P0018,6830,43.82096774193548,1,Spring
2023-03,Colombo,P0019,5981,97.24741935483871,1,Spring
2023-03,Colombo,P0020,4991,117.99290322580644,1,Spring
2023-03,Galle,P0001,3784,12.14774193548387,1,Spring
2023-03,Galle,P0002,3262,40.276774193548384,1,Spring
2023-03,Galle,P0003,3750,30.895806451612902,1,Spring
2023-03,Galle,P0004,4174,7.985161290322581,1,Spring
2023-03,Galle,P0005,4330,17.186129032258062,1,Spring
2023-03,Galle,P0006,3722,58.902580645161294,1,Spring
2023-03,Galle,P0007,4089,86.10161290322581,1,Spring
2023-03,Galle,P0008,3658,61.20548387096774,1,Spring
2023-03,Galle,P0009,3748,95.49516129032257,1,Spring
2023-03,Galle,P0010,3661,58.92612903225807,1,Spring
2023-03,Galle,P0011,3121,76.30967741935484,1,Spring
2023-03,Galle,P0012,2379,120.95451612903226,1,Spring
2023-03,Galle,P0013,4305,78.84161290322581,1,Spring
2023-03,Galle,P0014,2790,163.42,1,Spring
2023-03,Galle,P0015,3783,49.09774193548387,1,Spring
2023-03,Galle,P0016,3881,35.653225806451616,1,Spring
2023-03,Galle,P0017,3552,37.196774193548386,1,Spring
2023-03,Galle,P0018,3691,21.82032258064516,1,Spring
2023-03,Galle,P0019,2624,133.44032258064516,1,Spring
2023-03,Galle,P0020,3636,30.675161290322578,1,Spring
2023-03,Kandy,P0001,7670,13.988548387096774,1,Spring
2023-03,Kandy,P0002,8093,39.1541935483871,1,Spring
2023-03,Kandy,P0003,6442,113.04629032258065,1,Spring
2023-03,Kandy,P0004,7738,38.55806451612903,1,Spring
2023-03,Kandy,P0005,7259,47.42645161290323,1,Spring
2023-03,Kandy,P0006,8278,39.762903225806454,1,Spring
2023-03,Kandy,P0007,7616,22.259354838709676,1,Spring
2023-03,Kandy,P0008,5627,102.20822580645161,1,Spring
2023-03,Kandy,P0009,7510,84.12758064516129,1,Spring
2023-03,Kandy,P0010,7871,33.196451612903225,1,Spring
2023-03,Kandy,P0011,6958,91.31741935483872,1,Spring
2023-03,Kandy,P0012,6099,104.84258064516129,1,Spring
2023-03,Kandy,P0013,8325,48.06612903225806,1,Spring
2023-03,Kandy,P0014,6672,130.8293548387097,1,Spring
2023-03,Kandy,P0015,6524,96.67016129032258,1,Spring
2023-03,Kandy,P0016,6268,107.815,1,Spring
2023-03,Kandy,P0017,5244,102.67322580645161,1,Spring
2023-03,Kandy,P0018,5139,142.97838709677418,1,Spring
2023-03,Kandy,P0019,7258,57.350806451612904,1,Spring
2023-03,Kandy,P0020,5912,99.24306451612902,1,Spring
2023-04,Colombo,P0001,5270,67.7275,1,Spring
2023-04,Colombo,P0002,5931,47.507666666666665,1,Spring
2023-04,Colombo,P0003,6128,63.34883333333333,1,Spring
2023-04,Colombo,P0004,4921,65.51666666666667,1,Spring
2023-04,Colombo,P0005,5463,68.8335,1,Spring
2023-04,Colombo,P0006,5316,50.11083333333333,1,Spring
2023-04,Colombo,P0007,4740,23.46333333333333,1,Spring
2023-04,Colombo,P0008,5527,32.30016666666667,1,Spring
2023-04,Colombo,P0009,6407,72.44083333333333,1,Spring
2023-04,Colombo,P0010,4390,97.2205,1,Spring
2023-04,Colombo,P0011,4487,112.42466666666665,1,Spring
2023-04,Colombo,P0012,5415,69.92033333333333,1,Spring
2023-04,Colombo,P0013,4968,24.407333333333334,1,Spring
2023-04,Colombo,P0014,4794,85.39633333333333,1,Spring
2023-04,Colombo,P0015,3997,36.269666666666666,1,Spring
2023-04,Colombo,P0016,5559,59.133500000000005,1,Spring
2023-04,Colombo,P0017,4215,18.723000000000003,1,Spring
2023-04,Colombo,P0018,5639,41.03183333333333,1,Spring
2023-04,Colombo,P0019,5098,93.1015,1,Spring
2023-04,Colombo,P0020,3096,105.52566666666667,1,Spring
2023-04,Galle,P0001,2743,10.955333333333334,1,Spring
2023-04,Galle,P0002,2080,35.40933333333333,1,Spring
2023-04,Galle,P0003,2040,25.707666666666668,1,Spring
2023-04,Galle,P0004,2693,7.018666666666666,1,Spring
2023-04,Galle,P0005,2806,14.7,1,Spring
2023-04,Galle,P0006,2769,55.26733333333333,1,Spring
2023-04,Galle,P0007,2893,77.11766666666668,1,Spring
2023-04,Galle,P0008,3258,61.264,1,Spring
2023-04,Galle,P0009,2831,87.93366666666665,1,Spring
2023-04,Galle,P0010,2880,55.93933333333334,1,Spring
2023-04,Galle,P0011,2026,66.79,1,Spring
2023-04,Galle,P0012,1589,111.55466666666666,1,Spring
2023-04,Galle,P0013,2943,68.04866666666666,1,Spring
2023-04,Galle,P0014,1612,147.71133333333333,1,Spring
2023-04,Galle,P0015,2713,45.230000000000004,1,Spring
2023-04,Galle,P0016,2258,30.592,1,Spring
2023-04,Galle,P0017,2019,31.753666666666668,1,Spring
2023-04,Galle,P0018,3432,21.198,1,Spring
2023-04,Galle,P0019,1600,118.409,1,Spring
2023-04,Galle,P0020,2010,26.133,1,Spring
2023-04,Kandy,P0001,5417,12.596499999999999,1,Spring
2023-04,Kandy,P0002,5760,35.614333333333335,1,Spring
2023-04,Kandy,P0003,4130,99.08933333333333,1,Spring
2023-04,Kandy,P0004,6093,36.39566666666666,1,Spring
2023-04,Kandy,P0005,5255,44.98433333333333,1,Spring
2023-04,Kandy,P0006,5203,34.24016666666667,1,Spring
2023-04,Kandy,P0007,6257,21.608166666666666,1,Spring
2023-04,Kandy,P0008,5572,103.15249999999999,1,Spring
2023-04,Kandy,P0009,5919,79.14616666666666,1,Spring
2023-04,Kandy,P0010,6106,30.401666666666664,1,Spring
2023-04,Kandy,P0011,5284,83.57816666666666,1,Spring
2023-04,Kandy,P0012,3632,92.04916666666666,1,Spring
2023-04,Kandy,P0013,5612,42.415166666666664,1,Spring
2023-04,Kandy,P0014,4595,116.66333333333334,1,Spring
2023-04,Kandy,P0015,4079,86.093,1,Spring
2023-04,Kandy,P0016,4115,96.475,1,Spring
2023-04,Kandy,P0017,4689,99.41866666666667,1,Spring
2023-04,Kandy,P0018,3134,127.398,1,Spring
2023-04,Kandy,P0019,6010,54.1805,1,Spring
2023-04,Kandy,P0020,4406,90.09566666666666,1,Spring
2023-05,Colombo,P0001,6300,72.00548387096775,1,Spring
2023-05,Colombo,P0002,7246,50.66096774193549,1,Spring
2023-05,Colombo,P0003,6814,66.17096774193548,1,Spring
2023-05,Colombo,P0004,5874,68.7074193548387,1,Spring
2023-05,Colombo,P0005,6263,71.24306451612902,1,Spring
2023-05,Colombo,P0006,6016,50.164032258064516,1,Spring
2023-05,Colombo,P0007,6295,24.934193548387096,1,Spring
2023-05,Colombo,P0008,6140,33.22096774193548,1,Spring
2023-05,Colombo,P0009,6770,73.37612903225806,1,Spring
2023-05,Colombo,P0010,5087,97.70661290322582,1,Spring
2023-05,Colombo,P0011,4704,115.97870967741936,1,Spring
2023-05,Colombo,P0012,6367,71.00112903225806,1,Spring
2023-05,Colombo,P0013,6492,26.496935483870967,1,Spring
2023-05,Colombo,P0014,6180,92.88935483870968,1,Spring
2023-05,Colombo,P0015,6024,41.10354838709677,1,Spring
2023-05,Colombo,P0016,6428,61.27177419354839,1,Spring
2023-05,Colombo,P0017,6000,20.142419354838708,1,Spring
2023-05,Colombo,P0018,6606,42.58016129032258,1,Spring
2023-05,Colombo,P0019,5472,94.83774193548386,1,Spring
2023-05,Colombo,P0020,4062,113.64451612903225,1,Spring
2023-05,Galle,P0001,3559,11.927096774193549,1,Spring
2023-05,Galle,P0002,2994,38.59870967741935,1,Spring
2023-05,Galle,P0003,2944,28.403225806451612,1,Spring
2023-05,Galle,P0004,3325,7.607741935483871,1,Spring
2023-05,Galle,P0005,3281,15.753870967741936,1,Spring
2023-05,Galle,P0006,3444,58.17580645161291,1,Spring
2023-05,Galle,P0007,3401,78.7074193548387,1,Spring
2023-05,Galle,P0008,3365,60.0041935483871,1,Spring
2023-05,Galle,P0009,3533,93.61548387096774,1,Spring
2023-05,Galle,P0010,3355,57.28774193548387,1,Spring
2023-05,Galle,P0011,2639,72.9716129032258,1,Spring
2023-05,Galle,P0012,2134,118.85612903225807,1,Spring
2023-05,Galle,P0013,3239,70.15193548387097,1,Spring
2023-05,Galle,P0014,2080,149.7816129032258,1,Spring
2023-05,Galle,P0015,3297,47.99645161290323,1,Spring
2023-05,Galle,P0016,3007,32.854193548387094,1,Spring
2023-05,Galle,P0017,2650,33.729677419354836,1,Spring
2023-05,Galle,P0018,3842,21.90290322580645,1,Spring
2023-05,Galle,P0019,1880,123.98225806451612,1,Spring
2023-05,Galle,P0020,3120,29.32225806451613,1,Spring
2023-05,Kandy,P0001,6408,13.05967741935484,1,Spring
2023-05,Kandy,P0002,7021,37.35516129032258,1,Spring
2023-05,Kandy,P0003,5100,105.4416129032258,1,Spring
2023-05,Kandy,P0004,6614,36.53741935483871,1,Spring
2023-05,Kandy,P0005,6005,45.39629032258065,1,Spring
2023-05,Kandy,P0006,5568,34.80209677419355,1,Spring
2023-05,Kandy,P0007,6732,21.973548387096777,1,Spring
2023-05,Kandy,P0008,5016,97.75919354838709,1,Spring
2023-05,Kandy,P0009,6827,82.49580645161289,1,Spring
2023-05,Kandy,P0010,6440,31.008387096774193,1,Spring
2023-05,Kandy,P0011,6636,88.93693548387097,1,Spring
2023-05,Kandy,P0012,4718,95.72661290322581,1,Spring
2023-05,Kandy,P0013,6403,45.04048387096774,1,Spring
2023-05,Kandy,P0014,5267,120.28612903225806,1,Spring
2023-05,Kandy,P0015,5176,89.61032258064516,1,Spring
2023-05,Kandy,P0016,4744,98.58209677419354,1,Spring
2023-05,Kandy,P0017,4918,101.09467741935484,1,Spring
2023-05,Kandy,P0018,3907,132.5916129032258,1,Spring
2023-05,Kandy,P0019,6531,55.01774193548387,1,Spring
2023-05,Kandy,P0020,5059,94.12790322580646,1,Spring
2023-06,Colombo,P0001,8185,81.8695,1,Summer
2023-06,Colombo,P0002,6396,47.94216666666667,1,Summer
2023-06,Colombo,P0003,8046,71.72250000000001,1,Summer
2023-06,Colombo,P0004,8150,76.58933333333333,1,Summer
2023-06,Colombo,P0005,8062,78.786,1,Summer
2023-06,Colombo,P0006,6241,51.50116666666667,1,Summer
2023-06,Colombo,P0007,7577,27.532500000000002,1,Summer
2023-06,Colombo,P0008,8183,36.6195,1,Summer
2023-06,Colombo,P0009,7136,75.93883333333333,1,Summer
2023-06,Colombo,P0010,7108,110.36516666666667,1,Summer
2023-06,Colombo,P0011,5986,122.90616666666666,1,Summer
2023-06,Colombo,P0012,7524,78.04466666666667,1,Summer
2023-06,Colombo,P0013,7638,27.863833333333332,1,Summer
2023-06,Colombo,P0014,8024,100.78150000000001,1,Summer
2023-06,Colombo,P0015,5987,39.3655,1,Summer
2023-06,Colombo,P0016,8066,65.5855,1,Summer
2023-06,Colombo,P0017,6508,21.26516666666667,1,Summer
2023-06,Colombo,P0018,7659,46.219500000000004,1,Summer
2023-06,Colombo,P0019,5781,96.32816666666666,1,Summer
2023-06,Colombo,P0020,4957,118.92166666666667,1,Summer
2023-06,Galle,P0001,4678,13.096,1,Summer
2023-06,Galle,P0002,2881,38.013,1,Summer
2023-06,Galle,P0003,2929,28.346,1,Summer
2023-06,Galle,P0004,4943,8.736333333333333,1,Summer
2023-06,Galle,P0005,4662,17.833000000000002,1,Summer
2023-06,Galle,P0006,4598,65.33200000000001,1,Summer
2023-06,Galle,P0007,4601,89.494,1,Summer
2023-06,Galle,P0008,4974,72.02566666666667,1,Summer
2023-06,Galle,P0009,4360,102.87733333333334,1,Summer
2023-06,Galle,P0010,4541,65.098,1,Summer
2023-06,Galle,P0011,2500,72.84166666666667,1,Summer
2023-06,Galle,P0012,2661,125.51933333333334,1,Summer
2023-06,Galle,P0013,4761,82.95866666666667,1,Summer
2023-06,Galle,P0014,2622,163.11499999999998,1,Summer
2023-06,Galle,P0015,4585,55.95033333333333,1,Summer
2023-06,Galle,P0016,3163,34.139,1,Summer
2023-06,Galle,P0017,3007,35.468333333333334,1,Summer
2023-06,Galle,P0018,3399,21.653666666666666,1,Summer
2023-06,Galle,P0019,2185,130.813,1,Summer
2023-06,Galle,P0020,3299,30.194333333333336,1,Summer
2023-06,Kandy,P0001,7458,13.975666666666665,1,Summer
2023-06,Kandy,P0002,9231,41.288333333333334,1,Summer
2023-06,Kandy,P0003,6214,112.02616666666667,1,Summer
2023-06,Kandy,P0004,8856,42.285999999999994,1,Summer
2023-06,Kandy,P0005,6347,45.60616666666667,1,Summer
2023-06,Kandy,P0006,7319,37.546166666666664,1,Summer
2023-06,Kandy,P0007,8484,24.169666666666668,1,Summer
2023-06,Kandy,P0008,5990,105.37816666666666,1,Summer
2023-06,Kandy,P0009,7053,83.65799999999999,1,Summer
2023-06,Kandy,P0010,8939,34.76649999999999,1,Summer
2023-06,Kandy,P0011,6267,89.09966666666666,1,Summer
2023-06,Kandy,P0012,5737,103.41816666666666,1,Summer
2023-06,Kandy,P0013,8734,49.976,1,Summer
2023-06,Kandy,P0014,6749,130.0995,1,Summer
2023-06,Kandy,P0015,7285,102.08266666666667,1,Summer
2023-06,Kandy,P0016,6145,106.97949999999999,1,Summer
2023-06,Kandy,P0017,5435,103.77399999999999,1,Summer
2023-06,Kandy,P0018,4807,140.10183333333333,1,Summer
2023-06,Kandy,P0019,7612,58.29416666666667,1,Summer
2023-06,Kandy,P0020,5126,96.57050000000001,1,Summer
2023-07,Colombo,P0001,7656,76.7925806451613,1,Summer
2023-07,Colombo,P0002,6775,48.71016129032258,1,Summer
2023-07,Colombo,P0003,8078,70.27854838709678,1,Summer
2023-07,Colombo,P0004,7896,75.01451612903226,1,Summer
2023-07,Colombo,P0005,7505,75.51677419354839,1,Summer
2023-07,Colombo,P0006,6247,50.76403225806452,1,Summer
2023-07,Colombo,P0007,7842,27.610967741935486,1,Summer
2023-07,Colombo,P0008,8187,36.690322580645166,1,Summer
2023-07,Colombo,P0009,8606,79.90887096774195,1,Summer
2023-07,Colombo,P0010,7377,110.21758064516129,1,Summer
2023-07,Colombo,P0011,7373,130.65806451612903,1,Summer
2023-07,Colombo,P0012,6881,74.90435483870968,1,Summer
2023-07,Colombo,P0013,7956,27.529516129032256,1,Summer
2023-07,Colombo,P0014,7827,98.66274193548388,1,Summer
2023-07,Colombo,P0015,6192,39.94161290322581,1,Summer
2023-07,Colombo,P0016,6950,60.777580645161294,1,Summer
2023-07,Colombo,P0017,7056,21.536290322580644,1,Summer
2023-07,Colombo,P0018,7996,46.821129032258064,1,Summer
2023-07,Colombo,P0019,6831,103.64112903225806,1,Summer
2023-07,Colombo,P0020,5010,118.21661290322581,1,Summer
2023-07,Galle,P0001,4573,13.253225806451614,1,Summer
2023-07,Galle,P0002,3141,39.52258064516129,1,Summer
2023-07,Galle,P0003,2939,28.11258064516129,1,Summer
2023-07,Galle,P0004,4701,8.49,1,Summer
2023-07,Galle,P0005,5011,18.48032258064516,1,Summer
2023-07,Galle,P0006,4636,63.079032258064515,1,Summer
2023-07,Galle,P0007,4349,86.87516129032258,1,Summer
2023-07,Galle,P0008,4989,70.43258064516128,1,Summer
2023-07,Galle,P0009,4660,104.07935483870968,1,Summer
2023-07,Galle,P0010,4476,63.9458064516129,1,Summer
2023-07,Galle,P0011,3225,77.79032258064517,1,Summer
2023-07,Galle,P0012,2341,121.71903225806452,1,Summer
2023-07,Galle,P0013,4594,79.75838709677419,1,Summer
2023-07,Galle,P0014,2240,155.00709677419357,1,Summer
2023-07,Galle,P0015,4939,55.417419354838714,1,Summer
2023-07,Galle,P0016,2929,32.704193548387096,1,Summer
2023-07,Galle,P0017,3433,37.17967741935484,1,Summer
2023-07,Galle,P0018,3351,21.03516129032258,1,Summer
2023-07,Galle,P0019,2808,141.1216129032258,1,Summer
2023-07,Galle,P0020,3299,29.601612903225806,1,Summer
2023-07,Kandy,P0001,7330,13.837096774193547,1,Summer
2023-07,Kandy,P0002,9615,41.92306451612903,1,Summer
2023-07,Kandy,P0003,6561,113.92338709677419,1,Summer
2023-07,Kandy,P0004,9601,42.509516129032264,1,Summer
2023-07,Kandy,P0005,6601,46.07064516129032,1,Summer
2023-07,Kandy,P0006,7815,38.579193548387096,1,Summer
2023-07,Kandy,P0007,9084,24.341129032258067,1,Summer
2023-07,Kandy,P0008,6355,106.20096774193549,1,Summer
2023-07,Kandy,P0009,7165,82.48048387096775,1,Summer
2023-07,Kandy,P0010,9362,35.27145161290323,1,Summer
2023-07,Kandy,P0011,6926,91.72709677419354,1,Summer
2023-07,Kandy,P0012,5138,99.05645161290323,1,Summer
2023-07,Kandy,P0013,9115,51.62854838709678,1,Summer
2023-07,Kandy,P0014,6956,130.72209677419355,1,Summer
2023-07,Kandy,P0015,7735,102.47967741935483,1,Summer
2023-07,Kandy,P0016,5700,105.32370967741934,1,Summer
2023-07,Kandy,P0017,6217,106.86064516129032,1,Summer
2023-07,Kandy,P0018,4961,140.61032258064517,1,Summer
2023-07,Kandy,P0019,9205,62.00967741935484,1,Summer
2023-07,Kandy,P0020,5629,99.04967741935484,1,Summer
2023-08,Colombo,P0001,7639,79.16016129032259,1,Summer
2023-08,Colombo,P0002,6915,48.982419354838704,1,Summer
2023-08,Colombo,P0003,8167,71.43451612903225,1,Summer
2023-08,Colombo,P0004,8343,76.31983870967741,1,Summer
2023-08,Colombo,P0005,7301,75.40951612903227,1,Summer
2023-08,Colombo,P0006,6968,52.575,1,Summer
2023-08,Colombo,P0007,8038,27.09048387096774,1,Summer
2023-08,Colombo,P0008,7715,34.857419354838704,1,Summer
2023-08,Colombo,P0009,8414,79.72258064516129,1,Summer
2023-08,Colombo,P0010,7332,110.2558064516129,1,Summer
2023-08,Colombo,P0011,7192,129.5172580645161,1,Summer
2023-08,Colombo,P0012,7761,78.12741935483871,1,Summer
2023-08,Colombo,P0013,8396,28.910967741935483,1,Summer
2023-08,Colombo,P0014,7585,97.28516129032259,1,Summer
2023-08,Colombo,P0015,6584,40.98870967741936,1,Summer
2023-08,Colombo,P0016,7609,62.6608064516129,1,Summer
2023-08,Colombo,P0017,6441,20.61209677419355,1,Summer
2023-08,Colombo,P0018,8376,46.990161290322575,1,Summer
2023-08,Colombo,P0019,5072,92.5667741935484,1,Summer
2023-08,Colombo,P0020,5173,120.04677419354839,1,Summer
2023-08,Galle,P0001,4802,13.221612903225807,1,Summer
2023-08,Galle,P0002,3486,41.34483870967742,1,Summer
2023-08,Galle,P0003,3197,28.938709677419357,1,Summer
2023-08,Galle,P0004,4769,8.491935483870968,1,Summer
2023-08,Galle,P0005,4285,17.288709677419355,1,Summer
2023-08,Galle,P0006,4628,64.51903225806451,1,Summer
2023-08,Galle,P0007,4437,87.77774193548387,1,Summer
2023-08,Galle,P0008,4608,68.21709677419355,1,Summer
2023-08,Galle,P0009,4448,103.2625806451613,1,Summer
2023-08,Galle,P0010,4473,63.060967741935485,1,Summer
2023-08,Galle,P0011,3337,77.72645161290322,1,Summer
2023-08,Galle,P0012,2626,123.22354838709677,1,Summer
2023-08,Galle,P0013,4752,80.82354838709678,1,Summer
2023-08,Galle,P0014,2646,162.0332258064516,1,Summer
2023-08,Galle,P0015,4627,55.178387096774195,1,Summer
2023-08,Galle,P0016,3448,34.55193548387096,1,Summer
2023-08,Galle,P0017,3109,35.62645161290323,1,Summer
2023-08,Galle,P0018,4236,22.903870967741934,1,Summer
2023-08,Galle,P0019,2580,133.501935483871,1,Summer
2023-08,Galle,P0020,2838,28.887096774193548,1,Summer
2023-08,Kandy,P0001,7635,13.791290322580645,1,Summer
2023-08,Kandy,P0002,9833,42.30177419354839,1,Summer
2023-08,Kandy,P0003,6159,111.16645161290322,1,Summer
2023-08,Kandy,P0004,9537,42.72112903225806,1,Summer
2023-08,Kandy,P0005,6419,46.03354838709677,1,Summer
2023-08,Kandy,P0006,7717,38.612419354838714,1,Summer
2023-08,Kandy,P0007,9131,24.15258064516129,1,Summer
2023-08,Kandy,P0008,6049,103.95725806451614,1,Summer
2023-08,Kandy,P0009,7605,83.84854838709677,1,Summer
2023-08,Kandy,P0010,9183,35.39709677419355,1,Summer
2023-08,Kandy,P0011,6982,89.68725806451613,1,Summer
2023-08,Kandy,P0012,5954,102.75516129032258,1,Summer
2023-08,Kandy,P0013,9892,53.222580645161294,1,Summer
2023-08,Kandy,P0014,7363,135.32145161290322,1,Summer
2023-08,Kandy,P0015,7685,100.18548387096774,1,Summer
2023-08,Kandy,P0016,6246,105.68048387096773,1,Summer
2023-08,Kandy,P0017,5724,105.12822580645161,1,Summer
2023-08,Kandy,P0018,5298,143.29129032258064,1,Summer
2023-08,Kandy,P0019,7686,58.11419354838709,1,Summer
2023-08,Kandy,P0020,5893,99.04483870967742,1,Summer
2023-09,Colombo,P0001,6858,75.1875,1,Autumn
2023-09,Colombo,P0002,6600,47.67866666666667,1,Autumn
2023-09,Colombo,P0003,7306,68.14333333333333,1,Autumn
2023-09,Colombo,P0004,6449,71.84216666666666,1,Autumn
2023-09,Colombo,P0005,6627,72.23216666666667,1,Autumn
2023-09,Colombo,P0006,5749,50.1775,1,Autumn
2023-09,Colombo,P0007,6398,25.486333333333334,1,Autumn
2023-09,Colombo,P0008,6976,35.025999999999996,1,Autumn
2023-09,Colombo,P0009,7075,76.23733333333332,1,Autumn
2023-09,Colombo,P0010,6643,109.08133333333333,1,Autumn
2023-09,Colombo,P0011,6216,128.2125,1,Autumn
2023-09,Colombo,P0012,6818,75.08983333333335,1,Autumn
2023-09,Colombo,P0013,6759,27.034333333333333,1,Autumn
2023-09,Colombo,P0014,6330,93.88283333333334,1,Autumn
2023-09,Colombo,P0015,6093,40.021166666666666,1,Autumn
2023-09,Colombo,P0016,7024,63.16833333333333,1,Autumn
2023-09,Colombo,P0017,6401,21.104833333333332,1,Autumn
2023-09,Colombo,P0018,6545,42.60316666666667,1,Autumn
2023-09,Colombo,P0019,5359,95.16233333333334,1,Autumn
2023-09,Colombo,P0020,4861,118.77616666666667,1,Autumn
2023-09,Galle,P0001,3384,11.861333333333333,1,Autumn
2023-09,Galle,P0002,3420,40.82066666666666,1,Autumn
2023-09,Galle,P0003,3207,29.392666666666667,1,Autumn
2023-09,Galle,P0004,3731,7.7379999999999995,1,Autumn
2023-09,Galle,P0005,3265,15.831666666666667,1,Autumn
2023-09,Galle,P0006,3742,61.78633333333333,1,Autumn
2023-09,Galle,P0007,3519,82.23966666666666,1,Autumn
2023-09,Galle,P0008,3800,62.67999999999999,1,Autumn
2023-09,Galle,P0009,3717,96.632,1,Autumn
2023-09,Galle,P0010,3663,59.94533333333334,1,Autumn
2023-09,Galle,P0011,3271,78.30333333333333,1,Autumn
2023-09,Galle,P0012,2429,123.212,1,Autumn
2023-09,Galle,P0013,3941,76.45433333333334,1,Autumn
2023-09,Galle,P0014,2379,156.81466666666665,1,Autumn
2023-09,Galle,P0015,3790,50.64,1,Autumn
2023-09,Galle,P0016,3179,34.29966666666667,1,Autumn
2023-09,Galle,P0017,3157,36.129,1,Autumn
2023-09,Galle,P0018,3244,21.540000000000003,1,Autumn
2023-09,Galle,P0019,2510,133.48966666666666,1,Autumn
2023-09,Galle,P0020,3030,28.967666666666666,1,Autumn
2023-09,Kandy,P0001,6676,13.546666666666669,1,Autumn
2023-09,Kandy,P0002,6874,37.657333333333334,1,Autumn
2023-09,Kandy,P0003,5788,111.61550000000001,1,Autumn
2023-09,Kandy,P0004,7681,38.48683333333334,1,Autumn
2023-09,Kandy,P0005,6120,45.47966666666666,1,Autumn
2023-09,Kandy,P0006,6593,36.524499999999996,1,Autumn
2023-09,Kandy,P0007,7479,22.786166666666666,1,Autumn
2023-09,Kandy,P0008,5077,100.59349999999999,1,Autumn
2023-09,Kandy,P0009,6651,81.86333333333333,1,Autumn
2023-09,Kandy,P0010,7030,31.963666666666665,1,Autumn
2023-09,Kandy,P0011,6697,90.09666666666666,1,Autumn
2023-09,Kandy,P0012,5408,102.38116666666666,1,Autumn
2023-09,Kandy,P0013,6911,45.9465,1,Autumn
2023-09,Kandy,P0014,5915,124.747,1,Autumn
2023-09,Kandy,P0015,5909,94.6515,1,Autumn
2023-09,Kandy,P0016,5673,104.584,1,Autumn
2023-09,Kandy,P0017,5548,104.84483333333333,1,Autumn
2023-09,Kandy,P0018,4711,140.01716666666667,1,Autumn
2023-09,Kandy,P0019,6753,56.908166666666666,1,Autumn
2023-09,Kandy,P0020,5366,98.182,1,Autumn
2023-10,Colombo,P0001,5524,69.71967741935484,1,Autumn
2023-10,Colombo,P0002,5792,47.439516129032256,1,Autumn
2023-10,Colombo,P0003,6639,64.90145161290323,1,Autumn
2023-10,Colombo,P0004,5106,66.27016129032258,1,Autumn
2023-10,Colombo,P0005,5148,67.2366129032258,1,Autumn
2023-10,Colombo,P0006,4790,47.50145161290323,1,Autumn
2023-10,Colombo,P0007,5216,23.786935483870966,1,Autumn
2023-10,Colombo,P0008,5533,31.692419354838712,1,Autumn
2023-10,Colombo,P0009,6815,74.4258064516129,1,Autumn
2023-10,Colombo,P0010,4739,95.73516129032258,1,Autumn
2023-10,Colombo,P0011,4624,115.80645161290323,1,Autumn
2023-10,Colombo,P0012,5307,68.60612903225807,1,Autumn
2023-10,Colombo,P0013,4592,23.691451612903226,1,Autumn
2023-10,Colombo,P0014,5052,85.13967741935484,1,Autumn
2023-10,Colombo,P0015,5720,41.06290322580645,1,Autumn
2023-10,Colombo,P0016,6539,61.28758064516129,1,Autumn
2023-10,Colombo,P0017,3593,17.98225806451613,1,Autumn
2023-10,Colombo,P0018,6653,42.97548387096774,1,Autumn
2023-10,Colombo,P0019,5163,90.86435483870967,1,Autumn
2023-10,Colombo,P0020,3396,108.77016129032258,1,Autumn
2023-10,Galle,P0001,3192,11.355161290322581,1,Autumn
2023-10,Galle,P0002,2117,34.96290322580645,1,Autumn
2023-10,Galle,P0003,1972,25.14032258064516,1,Autumn
2023-10,Galle,P0004,3205,7.408064516129032,1,Autumn
2023-10,Galle,P0005,2800,14.836774193548386,1,Autumn
2023-10,Galle,P0006,3024,54.76903225806451,1,Autumn
2023-10,Galle,P0007,3114,77.00548387096775,1,Autumn
2023-10,Galle,P0008,3128,59.22,1,Autumn
2023-10,Galle,P0009,3289,91.80870967741936,1,Autumn
2023-10,Galle,P0010,3106,55.592580645161284,1,Autumn
2023-10,Galle,P0011,2108,68.27516129032259,1,Autumn
2023-10,Galle,P0012,1496,110.44774193548388,1,Autumn
2023-10,Galle,P0013,3210,71.62225806451613,1,Autumn
2023-10,Galle,P0014,1862,144.6067741935484,1,Autumn
2023-10,Galle,P0015,3288,48.19967741935484,1,Autumn
2023-10,Galle,P0016,1964,29.239032258064515,1,Autumn
2023-10,Galle,P0017,1694,30.851612903225806,1,Autumn
2023-10,Galle,P0018,4034,22.768709677419356,1,Autumn
2023-10,Galle,P0019,1679,124.09548387096774,1,Autumn
2023-10,Galle,P0020,1808,25.260967741935485,1,Autumn
2023-10,Kandy,P0001,5428,12.476129032258065,1,Autumn
2023-10,Kandy,P0002,6327,36.59838709677419,1,Autumn
2023-10,Kandy,P0003,4703,103.61677419354838,1,Autumn
2023-10,Kandy,P0004,5821,34.9666129032258,1,Autumn
2023-10,Kandy,P0005,5070,44.34177419354839,1,Autumn
2023-10,Kandy,P0006,4655,32.910000000000004,1,Autumn
2023-10,Kandy,P0007,5910,20.97935483870968,1,Autumn
2023-10,Kandy,P0008,5001,96.84435483870968,1,Autumn
2023-10,Kandy,P0009,6174,79.45709677419354,1,Autumn
2023-10,Kandy,P0010,6291,31.346612903225807,1,Autumn
2023-10,Kandy,P0011,5740,84.44951612903226,1,Autumn
2023-10,Kandy,P0012,4022,93.12693548387097,1,Autumn
2023-10,Kandy,P0013,6212,43.83241935483871,1,Autumn
2023-10,Kandy,P0014,4749,118.59758064516129,1,Autumn
2023-10,Kandy,P0015,4592,87.57870967741935,1,Autumn
2023-10,Kandy,P0016,4213,95.79032258064517,1,Autumn
2023-10,Kandy,P0017,4897,99.20145161290323,1,Autumn
2023-10,Kandy,P0018,3634,128.67967741935485,1,Autumn
2023-10,Kandy,P0019,6284,54.84596774193548,1,Autumn
2023-10,Kandy,P0020,4836,91.81032258064516,1,Autumn
2023-11,Colombo,P0001,6817,75.41000000000001,1,Autumn
2023-11,Colombo,P0002,5908,47.42283333333333,1,Autumn
2023-11,Colombo,P0003,6884,66.42516666666667,1,Autumn
2023-11,Colombo,P0004,6616,71.92066666666666,1,Autumn
2023-11,Colombo,P0005,6872,74.59516666666667,1,Autumn
2023-11,Colombo,P0006,5882,50.43366666666667,1,Autumn
2023-11,Colombo,P0007,7035,26.604666666666667,1,Autumn
2023-11,Colombo,P0008,6348,33.90833333333333,1,Autumn
2023-11,Colombo,P0009,7183,75.79733333333334,1,Autumn
2023-11,Colombo,P0010,6158,107.0475,1,Autumn
2023-11,Colombo,P0011,5434,121.766,1,Autumn
2023-11,Colombo,P0012,7045,76.528,1,Autumn
2023-11,Colombo,P0013,6007,26.116666666666667,1,Autumn
2023-11,Colombo,P0014,6111,92.21616666666667,1,Autumn
2023-11,Colombo,P0015,5948,39.52366666666667,1,Autumn
2023-11,Colombo,P0016,6589,61.059999999999995,1,Autumn
2023-11,Colombo,P0017,5850,20.305999999999997,1,Autumn
2023-11,Colombo,P0018,6168,42.849000000000004,1,Autumn
2023-11,Colombo,P0019,5413,95.12166666666667,1,Autumn
2023-11,Colombo,P0020,4208,114.30933333333333,1,Autumn
2023-11,Galle,P0001,3335,11.634333333333334,1,Autumn
2023-11,Galle,P0002,3071,38.998000000000005,1,Autumn
2023-11,Galle,P0003,2984,28.429,1,Autumn
2023-11,Galle,P0004,3690,7.718333333333334,1,Autumn
2023-11,Galle,P0005,3808,16.53066666666667,1,Autumn
2023-11,Galle,P0006,4067,61.973333333333336,1,Autumn
2023-11,Galle,P0007,3813,83.67966666666666,1,Autumn
2023-11,Galle,P0008,3528,61.92166666666667,1,Autumn
2023-11,Galle,P0009,3326,92.695,1,Autumn
2023-11,Galle,P0010,3759,59.954,1,Autumn
2023-11,Galle,P0011,3184,78.13366666666667,1,Autumn
2023-11,Galle,P0012,2731,126.28233333333333,1,Autumn
2023-11,Galle,P0013,3143,70.81133333333334,1,Autumn
2023-11,Galle,P0014,2509,161.04966666666667,1,Autumn
2023-11,Galle,P0015,3736,50.07366666666667,1,Autumn
2023-11,Galle,P0016,3174,33.559333333333335,1,Autumn
2023-11,Galle,P0017,3183,36.150999999999996,1,Autumn
2023-11,Galle,P0018,3505,21.985666666666667,1,Autumn
2023-11,Galle,P0019,2417,132.87233333333333,1,Autumn
2023-11,Galle,P0020,2469,27.66,1,Autumn
2023-11,Kandy,P0001,6653,13.437833333333334,1,Autumn
2023-11,Kandy,P0002,6903,37.93716666666667,1,Autumn
2023-11,Kandy,P0003,6442,113.63783333333332,1,Autumn
2023-11,Kandy,P0004,7414,37.98350000000001,1,Autumn
2023-11,Kandy,P0005,6120,45.044333333333334,1,Autumn
2023-11,Kandy,P0006,7349,37.90783333333333,1,Autumn
2023-11,Kandy,P0007,8719,24.2405,1,Autumn
2023-11,Kandy,P0008,5601,103.02383333333334,1,Autumn
2023-11,Kandy,P0009,6789,81.99616666666667,1,Autumn
2023-11,Kandy,P0010,7353,32.7025,1,Autumn
2023-11,Kandy,P0011,6784,90.26266666666668,1,Autumn
2023-11,Kandy,P0012,6379,106.68633333333334,1,Autumn
2023-11,Kandy,P0013,6866,46.27366666666667,1,Autumn
2023-11,Kandy,P0014,6271,125.912,1,Autumn
2023-11,Kandy,P0015,5933,95.68116666666667,1,Autumn
2023-11,Kandy,P0016,5914,108.19183333333334,1,Autumn
2023-11,Kandy,P0017,5923,107.15100000000001,1,Autumn
2023-11,Kandy,P0018,5082,141.03650000000002,1,Autumn
2023-11,Kandy,P0019,7098,57.095166666666664,1,Autumn
2023-11,Kandy,P0020,5347,97.24183333333333,1,Autumn
2023-12,Colombo,P0001,6705,74.66951612903226,1,Winter
2023-12,Colombo,P0002,7384,50.70322580645161,1,Winter
2023-12,Colombo,P0003,7737,68.45387096774193,1,Winter
2023-12,Colombo,P0004,6660,70.97596774193549,1,Winter
2023-12,Colombo,P0005,6511,72.05435483870967,1,Winter
2023-12,Colombo,P0006,6980,53.09225806451612,1,Winter
2023-12,Colombo,P0007,6276,24.716129032258067,1,Winter
2023-12,Colombo,P0008,6738,33.998064516129034,1,Winter
2023-12,Colombo,P0009,8940,82.0125806451613,1,Winter
2023-12,Colombo,P0010,6509,107.17032258064516,1,Winter
2023-12,Colombo,P0011,5887,124.34758064516129,1,Winter
2023-12,Colombo,P0012,6464,73.13209677419354,1,Winter
2023-12,Colombo,P0013,6126,25.936129032258062,1,Winter
2023-12,Colombo,P0014,6147,91.58629032258065,1,Winter
2023-12,Colombo,P0015,6212,42.02532258064517,1,Winter
2023-12,Colombo,P0016,7408,64.23209677419355,1,Winter
2023-12,Colombo,P0017,5730,20.098225806451612,1,Winter
2023-12,Colombo,P0018,7133,44.37193548387096,1,Winter
2023-12,Colombo,P0019,6260,99.46516129032258,1,Winter
2023-12,Colombo,P0020,4577,116.25483870967743,1,Winter
2023-12,Galle,P0001,3733,12.038709677419355,1,Winter
2023-12,Galle,P0002,3203,39.31838709677419,1,Winter
2023-12,Galle,P0003,2898,27.405806451612904,1,Winter
2023-12,Galle,P0004,3746,7.7625806451612895,1,Winter
2023-12,Galle,P0005,3320,15.341935483870968,1,Winter
2023-12,Galle,P0006,4017,60.99161290322581,1,Winter
2023-12,Galle,P0007,3391,78.22806451612904,1,Winter
2023-12,Galle,P0008,3915,64.54032258064517,1,Winter
2023-12,Galle,P0009,4155,98.73935483870967,1,Winter
2023-12,Galle,P0010,3504,58.79677419354839,1,Winter
2023-12,Galle,P0011,2747,72.23870967741935,1,Winter
2023-12,Galle,P0012,2413,121.25451612903225,1,Winter
2023-12,Galle,P0013,3827,75.38096774193548,1,Winter
2023-12,Galle,P0014,2420,154.54709677419356,1,Winter
2023-12,Galle,P0015,3188,48.189677419354844,1,Winter
2023-12,Galle,P0016,3016,32.44967741935484,1,Winter
2023-12,Galle,P0017,2793,34.38967741935484,1,Winter
2023-12,Galle,P0018,4005,22.669354838709676,1,Winter
2023-12,Galle,P0019,2327,129.3925806451613,1,Winter
2023-12,Galle,P0020,2569,27.609354838709677,1,Winter
2023-12,Kandy,P0001,6628,13.206290322580644,1,Winter
2023-12,Kandy,P0002,7438,37.74516129032258,1,Winter
2023-12,Kandy,P0003,5958,109.34129032258065,1,Winter
2023-12,Kandy,P0004,7430,38.21709677419355,1,Winter
2023-12,Kandy,P0005,6512,46.82629032258065,1,Winter
2023-12,Kandy,P0006,6046,34.95903225806452,1,Winter
2023-12,Kandy,P0007,6879,21.911935483870966,1,Winter
2023-12,Kandy,P0008,5942,103.85016129032257,1,Winter
2023-12,Kandy,P0009,7745,85.73564516129032,1,Winter
2023-12,Kandy,P0010,7207,31.871774193548386,1,Winter
2023-12,Kandy,P0011,6982,90.10677419354839,1,Winter
2023-12,Kandy,P0012,5510,101.04645161290323,1,Winter
2023-12,Kandy,P0013,7149,46.11822580645161,1,Winter
2023-12,Kandy,P0014,5902,122.99870967741936,1,Winter
2023-12,Kandy,P0015,5429,91.34758064516129,1,Winter
2023-12,Kandy,P0016,5678,103.5,1,Winter
2023-12,Kandy,P0017,5865,104.90064516129033,1,Winter
2023-12,Kandy,P0018,4461,137.4467741935484,1,Winter
2023-12,Kandy,P0019,7339,58.52467741935484,1,Winter
2023-12,Kandy,P0020,6718,100.5008064516129,1,Winter
2024-01,Colombo,P0001,5829,71.46633333333332,1,Winter
2024-01,Colombo,P0002,5812,47.07566666666666,1,Winter
2024-01,Colombo,P0003,6869,66.853,1,Winter
2024-01,Colombo,P0004,6145,70.284,1,Winter
2024-01,Colombo,P0005,6136,71.79783333333333,1,Winter
2024-01,Colombo,P0006,5700,50.35433333333334,1,Winter
2024-01,Colombo,P0007,5226,23.813333333333333,1,Winter
2024-01,Colombo,P0008,6062,33.52466666666667,1,Winter
2024-01,Colombo,P0009,7789,78.18766666666667,1,Winter
2024-01,Colombo,P0010,5720,102.23666666666666,1,Winter
2024-01,Colombo,P0011,5603,120.902,1,Winter
2024-01,Colombo,P0012,5537,70.44883333333334,1,Winter
2024-01,Colombo,P0013,5745,25.204333333333334,1,Winter
2024-01,Colombo,P0014,5787,91.16766666666668,1,Winter
2024-01,Colombo,P0015,6534,42.763000000000005,1,Winter
2024-01,Colombo,P0016,7139,63.492333333333335,1,Winter
2024-01,Colombo,P0017,4912,19.5405,1,Winter
2024-01,Colombo,P0018,6640,43.28966666666667,1,Winter
2024-01,Colombo,P0019,5608,94.85483333333333,1,Winter
2024-01,Colombo,P0020,3845,111.68599999999999,1,Winter
2024-01,Galle,P0001,3397,11.74,1,Winter
2024-01,Galle,P0002,2528,37.218333333333334,1,Winter
2024-01,Galle,P0003,2160,25.822333333333336,1,Winter
2024-01,Galle,P0004,3517,7.709666666666666,1,Winter
2024-01,Galle,P0005,3605,16.363333333333333,1,Winter
2024-01,Galle,P0006,3135,56.71133333333333,1,Winter
2024-01,Galle,P0007,2975,77.56733333333334,1,Winter
2024-01,Galle,P0008,3734,63.221000000000004,1,Winter
2024-01,Galle,P0009,3164,91.37433333333334,1,Winter
2024-01,Galle,P0010,3088,56.57533333333333,1,Winter
2024-01,Galle,P0011,2662,71.92233333333334,1,Winter
2024-01,Galle,P0012,2161,118.69266666666667,1,Winter
2024-01,Galle,P0013,3356,72.73166666666665,1,Winter
2024-01,Galle,P0014,2075,152.42633333333333,1,Winter
2024-01,Galle,P0015,3285,48.565333333333335,1,Winter
2024-01,Galle,P0016,2514,31.034666666666666,1,Winter
2024-01,Galle,P0017,2370,33.39033333333334,1,Winter
2024-01,Galle,P0018,3910,22.280666666666665,1,Winter
2024-01,Galle,P0019,2107,128.81033333333332,1,Winter
2024-01,Galle,P0020,2414,27.121666666666666,1,Winter
2024-01,Kandy,P0001,5641,12.737333333333334,1,Winter
2024-01,Kandy,P0002,5712,35.642,1,Winter
2024-01,Kandy,P0003,4423,102.02266666666667,1,Winter
2024-01,Kandy,P0004,7524,39.0895,1,Winter
2024-01,Kandy,P0005,6044,46.45933333333333,1,Winter
2024-01,Kandy,P0006,5573,34.705333333333336,1,Winter
2024-01,Kandy,P0007,6115,21.084,1,Winter
2024-01,Kandy,P0008,5729,103.52749999999999,1,Winter
2024-01,Kandy,P0009,6970,85.14316666666667,1,Winter
2024-01,Kandy,P0010,6727,31.758166666666668,1,Winter
2024-01,Kandy,P0011,6577,87.83999999999999,1,Winter
2024-01,Kandy,P0012,5299,101.1275,1,Winter
2024-01,Kandy,P0013,6722,44.868500000000004,1,Winter
2024-01,Kandy,P0014,5742,125.00516666666667,1,Winter
2024-01,Kandy,P0015,5336,90.50483333333334,1,Winter
2024-01,Kandy,P0016,5132,100.19033333333333,1,Winter
2024-01,Kandy,P0017,5999,106.41766666666668,1,Winter
2024-01,Kandy,P0018,3809,131.76966666666667,1,Winter
2024-01,Kandy,P0019,6818,56.65833333333333,1,Winter
2024-01,Kandy,P0020,5472,96.0375,1,Winter
